site_id,fold,n,KGE,r,pbias,record,depth
ASAM8,all,507,0.5530120718438549,0.8914010341344041,16.9,OLD (to 2025-04),Shallow
BDEM8,all,26,0.31130656110609944,0.43423310038886803,23.4,OLD (to 2025-04),Shallow
BNGM8,all,76,0.842424753365796,0.9372294582121676,6.9,OLD (to 2025-04),Shallow
BNWM8,all,355,0.5597832857330964,0.9160784663564582,9.3,OLD (to 2025-04),Shallow
BRYM8,all,408,0.7760050569708545,0.7788574081330887,1.7,OLD (to 2025-04),Shallow
BSEM8,all,56,0.11179200052617488,0.6069276647407,20.9,OLD (to 2025-04),Shallow
BSWM8,all,52,0.06471323545790042,0.8303814643344848,63.3,OLD (to 2025-04),Shallow
BTSM8,all,687,0.2149598425911775,0.8746732983394377,74,OLD (to 2025-04),Shallow
BUFM8,all,43,0.04287267244656734,0.3886710317599109,24.8,OLD (to 2025-04),Shallow
BUSM8,all,379,0.7487730519887803,0.909621714688513,13.8,OLD (to 2025-04),Shallow
BYUM8,all,406,0.7052721037851892,0.8787641954866664,9.6,OLD (to 2025-04),Shallow
CHSM8,all,362,0.6256068088587972,0.7887471663388812,20.4,OLD (to 2025-04),Shallow
CNNM8,all,63,0.3962729852238953,0.5344590298644493,-10.5,OLD (to 2025-04),Shallow
CRNM8,all,54,0.5095204562049696,0.8054261867812678,4.1,OLD (to 2025-04),Shallow
CSTM8,all,55,0.14947649436591226,0.8440038836755281,78.2,OLD (to 2025-04),Shallow
DOGM8,all,66,-3.059816054319408,0.6097822628386855,401,OLD (to 2025-04),Shallow
DRYM8,all,58,0.09540762943828396,0.2558420816277695,-1.7,OLD (to 2025-04),Shallow
DYRM8,all,466,0.5649078027748935,0.7504226771577509,-3.8,OLD (to 2025-04),Shallow
FOXM8,all,55,-0.29933726343392975,-0.011230994931886359,1.3,OLD (to 2025-04),Shallow
FRGM8,all,388,0.768819294502613,0.9177394361569643,12.2,OLD (to 2025-04),Shallow
FTKM8,all,41,-0.16861379376720365,0.009192837536661058,-1.4,OLD (to 2025-04),Shallow
GLOM8,all,48,-0.5645325806580717,-0.5287004270500418,-2.2,OLD (to 2025-04),Shallow
HIWM8,all,62,-0.946740130903071,0.014070121512211157,-16.3,OLD (to 2025-04),Shallow
HOGM8,all,38,-0.27075070051874905,-0.13009710341497874,13.1,OLD (to 2025-04),Shallow
HWTM8,all,426,0.5403519279477079,0.8798604666503816,43.9,OLD (to 2025-04),Shallow
INNM8,all,61,-0.17283520588314416,-0.023437734744354632,16.6,OLD (to 2025-04),Shallow
ISSM8,all,63,-0.062456272956149084,0.24792027150946572,-10.7,OLD (to 2025-04),Shallow
JGPM8,all,42,0.5364841424894802,0.5499265476057706,6.8,OLD (to 2025-04),Shallow
LGGM8,all,417,0.8309547684260892,0.8769286983023581,-10.8,OLD (to 2025-04),Shallow
LLNM8,all,33,-0.1999402062236002,-0.04203347122162982,57.7,OLD (to 2025-04),Shallow
LMDM8,all,435,0.6880523063041517,0.9105827050688439,-23.3,OLD (to 2025-04),Shallow
LOAM8,all,61,0.2729873847698854,0.7038531005382728,24.7,OLD (to 2025-04),Shallow
LORM8,all,346,0.2921239013516155,0.7847808898026025,46.9,OLD (to 2025-04),Shallow
LTBM8,all,53,-0.3629031350169334,-0.12740192384199878,34.3,OLD (to 2025-04),Shallow
LVAM8,all,445,0.6585020356043416,0.8290611286988455,20.2,OLD (to 2025-04),Shallow
MBYM8,all,50,0.64389225624841,0.7092573552089569,9.6,OLD (to 2025-04),Shallow
MEDM8,all,28,-0.28829496814540323,-0.10677809876647408,-9.2,OLD (to 2025-04),Shallow
MINM8,all,59,0.4480331794871668,0.9148683727407813,7.2,OLD (to 2025-04),Shallow
MOBM8,all,396,0.6645980984117065,0.6822480612499643,3.9,OLD (to 2025-04),Shallow
MOTM8,all,514,0.6343215266833935,0.7649799206680609,1.6,OLD (to 2025-04),Shallow
MOYM8,all,414,0.6217000961417012,0.9001654266046667,-16.1,OLD (to 2025-04),Shallow
MSSM8,all,408,0.16926600639690081,0.8142164189741503,80.9,OLD (to 2025-04),Shallow
MTLM8,all,55,0.3996660176236221,0.5051652261232289,-4.3,OLD (to 2025-04),Shallow
MTRM8,all,405,-0.3370623948727287,0.8270275060624214,127.5,OLD (to 2025-04),Shallow
NUAM8,all,45,-0.5313614898467016,-0.006379731616244072,103.6,OLD (to 2025-04),Shallow
OHMM8,all,28,-0.19638658710102797,0.1270168476299174,-21.6,OLD (to 2025-04),Shallow
OTRM8,all,369,0.5400528726188354,0.9539935390146179,-5.6,OLD (to 2025-04),Shallow
PARM8,all,42,-0.4021394677259902,-0.25078833988541205,19.5,OLD (to 2025-04),Shallow
RADM8,all,478,0.5703167218495921,0.8481651273407707,-3.3,OLD (to 2025-04),Shallow
RGTM8,all,423,0.2529231968828517,0.9073831577994154,72.5,OLD (to 2025-04),Shallow
RMYM8,all,436,0.624894329364341,0.8960114436543802,22.2,OLD (to 2025-04),Shallow
RYOM8,all,399,0.47416761236350713,0.7833211506932879,35.7,OLD (to 2025-04),Shallow
SASM8,all,353,0.5866283544150681,0.7987098917080976,14.8,OLD (to 2025-04),Shallow
SBSM8,all,62,0.0760579335555579,0.3382082414200704,35.4,OLD (to 2025-04),Shallow
SCYM8,all,311,0.1968378647642539,0.6207043664394541,54.3,OLD (to 2025-04),Shallow
SDLM8,all,100,0.6181854779374474,0.9187222259909339,-11.7,OLD (to 2025-04),Shallow
SDSM8,all,410,0.8445152559933482,0.8651750144384981,6.6,OLD (to 2025-04),Shallow
SURM8,all,482,0.6657048993713021,0.8257077489004826,9.1,OLD (to 2025-04),Shallow
SVYM8,all,51,-0.40296524262482936,-0.09061709669554002,50.3,OLD (to 2025-04),Shallow
TAMM8,all,50,-0.08601309986186001,0.03272828901189801,-1.8,OLD (to 2025-04),Shallow
TRNM8,all,351,0.15236055810880123,0.6018624311785419,61.7,OLD (to 2025-04),Shallow
TWOM8,all,423,0.5912103942012061,0.8039129516172306,26.8,OLD (to 2025-04),Shallow
VLTM8,all,493,0.7036754717757204,0.8057082312512688,-14.5,OLD (to 2025-04),Shallow
VOTM8,all,38,-0.5723863175094053,-0.5064293191175587,12,OLD (to 2025-04),Shallow
WETM8,all,31,0.26688978695412113,0.7517037626097282,31,OLD (to 2025-04),Shallow
WIEM8,all,426,0.6987049048194478,0.8258306109580644,-11.2,OLD (to 2025-04),Shallow
WNFM8,all,57,0.5197185116119674,0.8340803164691302,10.4,OLD (to 2025-04),Shallow
WOFM8,all,47,-0.6407776223017496,-0.5614434046311847,-0,OLD (to 2025-04),Shallow
WRHM8,all,491,0.5132131957863555,0.7463298839605086,12.7,OLD (to 2025-04),Shallow
ASAM8,all,745,0.5375659463761513,0.8875688409238582,14.4,NEW (to 2026-06),Shallow
BDEM8,all,309,0.22385882455737127,0.817492137992376,70.6,NEW (to 2026-06),Shallow
BNGM8,all,506,0.8140993652092572,0.8933707887168857,-0.9,NEW (to 2026-06),Shallow
BNWM8,all,608,0.5617575255083351,0.8932972932500951,12.9,NEW (to 2026-06),Shallow
BRYM8,all,634,0.6467831652678345,0.6477976169922507,-2.7,NEW (to 2026-06),Shallow
BSEM8,all,432,0.28926072193459074,0.6682049224712344,41.4,NEW (to 2026-06),Shallow
BSWM8,all,387,0.021106272013827754,0.7630457007349956,89.2,NEW (to 2026-06),Shallow
BTSM8,all,994,0.32513993932636365,0.8334587036681209,59.5,NEW (to 2026-06),Shallow
BUFM8,all,288,0.43412354946830967,0.700581867351275,25.1,NEW (to 2026-06),Shallow
BUSM8,all,657,0.6808545484001551,0.8599632427354847,11.9,NEW (to 2026-06),Shallow
BYUM8,all,665,0.6644125061319132,0.883656001438509,11.3,NEW (to 2026-06),Shallow
CHSM8,all,618,0.5991166642330974,0.8398502619637399,28.7,NEW (to 2026-06),Shallow
CNNM8,all,395,0.4012171351891328,0.5023380726045966,-4,NEW (to 2026-06),Shallow
CRNM8,all,490,0.5848625556241761,0.7427955224004045,16.7,NEW (to 2026-06),Shallow
CSTM8,all,436,0.1129217132017365,0.8520283249268944,87.1,NEW (to 2026-06),Shallow
DOGM8,all,321,-0.22863447548541593,0.5383946707180226,111.9,NEW (to 2026-06),Shallow
DRYM8,all,335,0.22507756917409627,0.7250190597299382,47.8,NEW (to 2026-06),Shallow
DYRM8,all,716,0.5920434963652181,0.7661560002943992,-4.8,NEW (to 2026-06),Shallow
FOXM8,all,375,0.07906842323856611,0.612782939009492,60.4,NEW (to 2026-06),Shallow
FRGM8,all,659,0.7151667013839407,0.8846942237801435,12.8,NEW (to 2026-06),Shallow
FTKM8,all,331,0.21897687365996,0.8020922167993059,54.6,NEW (to 2026-06),Shallow
GLOM8,all,369,0.47837237687962453,0.678465944684418,23.4,NEW (to 2026-06),Shallow
HIWM8,all,468,0.4331550796278659,0.5046426036672782,-27,NEW (to 2026-06),Shallow
HOGM8,all,345,0.4590216683585955,0.7808323569660605,40.2,NEW (to 2026-06),Shallow
HWTM8,all,672,0.5700488743869007,0.8116262453167917,36.1,NEW (to 2026-06),Shallow
INNM8,all,379,0.3593057649500767,0.6378359667019814,44.8,NEW (to 2026-06),Shallow
ISSM8,all,477,0.4282281091967216,0.6398848526024806,16.6,NEW (to 2026-06),Shallow
JGPM8,all,423,0.6923722301874198,0.894407718710093,20.2,NEW (to 2026-06),Shallow
LGGM8,all,725,0.8341731725739396,0.8695873280217632,-9.7,NEW (to 2026-06),Shallow
LLNM8,all,304,0.030217606666026908,0.8130796653925128,93.3,NEW (to 2026-06),Shallow
LMDM8,all,733,0.6625955771088861,0.8640501684745208,-24.3,NEW (to 2026-06),Shallow
LOAM8,all,421,0.5644393984698932,0.8121287907352788,30.9,NEW (to 2026-06),Shallow
LORM8,all,585,0.17120048089017892,0.7824296731848461,64.4,NEW (to 2026-06),Shallow
LTBM8,all,356,0.2480178582376663,0.7480673492689766,60,NEW (to 2026-06),Shallow
LVAM8,all,767,0.6214293264882491,0.8046049166543411,19,NEW (to 2026-06),Shallow
MBYM8,all,340,0.58539110840951325,0.7952182574964742,18.7,NEW (to 2026-06),Shallow
MEDM8,all,292,0.24995056370459023,0.7650441423317081,57.2,NEW (to 2026-06),Shallow
MINM8,all,358,0.566883064151068,0.8316850891540359,1.7,NEW (to 2026-06),Shallow
MOBM8,all,656,0.6250139108880872,0.6812781144417396,9.6,NEW (to 2026-06),Shallow
MOTM8,all,846,0.6048564559686219,0.7724156386395827,-3.9,NEW (to 2026-06),Shallow
MOYM8,all,658,0.5504625066172493,0.826958467274395,-14.3,NEW (to 2026-06),Shallow
MSSM8,all,677,0.24981667591131151,0.7505768680204414,70.3,NEW (to 2026-06),Shallow
MTLM8,all,373,0.6564013989886206,0.7374099883039477,15.8,NEW (to 2026-06),Shallow
MTRM8,all,704,-0.32080028794190496,0.766037655363235,129.6,NEW (to 2026-06),Shallow
NUAM8,all,322,-0.8616854509765082,0.7580797737602399,182.5,NEW (to 2026-06),Shallow
OHMM8,all,356,0.2539103023867476,0.7422409713240375,41,NEW (to 2026-06),Shallow
OTRM8,all,678,0.47538015926786237,0.8876690986642368,-14.3,NEW (to 2026-06),Shallow
PARM8,all,323,0.18969868389731537,0.6763443405173043,62.2,NEW (to 2026-06),Shallow
RADM8,all,823,0.5354451891643859,0.7375561663243533,-10.2,NEW (to 2026-06),Shallow
RGTM8,all,690,0.37481962078967646,0.8354268504401026,55,NEW (to 2026-06),Shallow
RMYM8,all,701,0.6018700294886452,0.8995305616655229,22.3,NEW (to 2026-06),Shallow
RYOM8,all,650,0.4493397308685104,0.7606984970629967,33.8,NEW (to 2026-06),Shallow
SASM8,all,602,0.5831548809042839,0.669642354074016,8.9,NEW (to 2026-06),Shallow
SBSM8,all,402,0.1084558016089534,0.7852804976045922,78.7,NEW (to 2026-06),Shallow
SCYM8,all,539,0.3158652876999033,0.721873520408612,46.9,NEW (to 2026-06),Shallow
SDLM8,all,575,0.6272628734549814,0.819614188532264,-25.3,NEW (to 2026-06),Shallow
SDSM8,all,657,0.7848598312671806,0.8254387590420169,9.5,NEW (to 2026-06),Shallow
SURM8,all,774,0.6302596372425142,0.7719553689819421,2.8,NEW (to 2026-06),Shallow
SVYM8,all,289,-0.2546269046027918,0.7989962238174524,118.7,NEW (to 2026-06),Shallow
TAMM8,all,392,0.25479102773575,0.37476065115821616,9.3,NEW (to 2026-06),Shallow
TRNM8,all,600,0.10709805833527919,0.6168813445777459,70.3,NEW (to 2026-06),Shallow
TWOM8,all,711,0.587859450343249,0.7824784705853982,24.6,NEW (to 2026-06),Shallow
VLTM8,all,753,0.6384721291889801,0.7386468106315732,-11.9,NEW (to 2026-06),Shallow
VOTM8,all,310,0.04522276445187767,0.6987963110675266,80.9,NEW (to 2026-06),Shallow
WETM8,all,279,0.1770429757823766,0.8191460422477786,70.1,NEW (to 2026-06),Shallow
WIEM8,all,689,0.5941411985463476,0.7329674966602823,-8.1,NEW (to 2026-06),Shallow
WNFM8,all,317,0.570707622991488,0.8510930245268548,16,NEW (to 2026-06),Shallow
WOFM8,all,311,0.5179415184599865,0.677489938284497,16.3,NEW (to 2026-06),Shallow
WRHM8,all,749,0.3841059086216051,0.6455379583101026,23.6,NEW (to 2026-06),Shallow
ASAM8,all,464,0.5466732095280663,0.863243783131987,-5.6,OLD (to 2025-04),Middle
BDEM8,all,27,0.438317808108721,0.8060795185832839,-11.7,OLD (to 2025-04),Middle
BNGM8,all,152,0.3534501740232445,0.8488619995625968,-35.6,OLD (to 2025-04),Middle
BNWM8,all,426,0.48711774996614143,0.9303358243374843,-32.5,OLD (to 2025-04),Middle
BRYM8,all,460,0.08699291538261977,0.18177086508545864,-27,OLD (to 2025-04),Middle
BSEM8,all,100,0.49595291446482137,0.7939751586375837,-28.7,OLD (to 2025-04),Middle
BSWM8,all,105,-0.12072623177431896,0.649116702139699,104.1,OLD (to 2025-04),Middle
BTSM8,all,918,0.5782194781686245,0.8229125307836047,13,OLD (to 2025-04),Middle
BUFM8,all,79,0.3252839247809234,0.9055317864349453,-30.9,OLD (to 2025-04),Middle
BUSM8,all,509,0.5851157463960628,0.7875812604271989,-13.4,OLD (to 2025-04),Middle
BYUM8,all,570,0.5628747128346571,0.7433765137316131,35.4,OLD (to 2025-04),Middle
CHSM8,all,464,0.45745949532765773,0.7150218409307609,-0.2,OLD (to 2025-04),Middle
CNNM8,all,143,0.19796531327263234,0.6164422091917853,-30.5,OLD (to 2025-04),Middle
CRNM8,all,118,0.460310163475526,0.5868957220563485,-17.3,OLD (to 2025-04),Middle
CSTM8,all,160,0.5359426574456929,0.7449371826853779,35,OLD (to 2025-04),Middle
DOGM8,all,117,-3.3442395580186837,-0.29398890191944477,93.8,OLD (to 2025-04),Middle
DRYM8,all,119,0.40902229311683336,0.49246032649977994,27.7,OLD (to 2025-04),Middle
DYRM8,all,559,0.6858118505578146,0.8506043876654893,-25.3,OLD (to 2025-04),Middle
FOXM8,all,73,0.30328501398399066,0.8221079858329648,-21.3,OLD (to 2025-04),Middle
FRGM8,all,486,0.0393408634690986,0.8255394509455766,94.2,OLD (to 2025-04),Middle
FTKM8,all,60,0.17482478698249515,0.8330566093979916,-9.8,OLD (to 2025-04),Middle
GLOM8,all,51,-0.07377667749924077,-0.010772242623709247,-21.1,OLD (to 2025-04),Middle
HIWM8,all,145,-1.6929404860584678,-0.5050713562066579,-39.2,OLD (to 2025-04),Middle
HOGM8,all,66,0.7169556936167059,0.8802677689132858,-17.8,OLD (to 2025-04),Middle
HWTM8,all,526,0.24854145650010984,0.6326254448352187,65.5,OLD (to 2025-04),Middle
INNM8,all,85,0.05521374621803299,0.7717899743110735,9.2,OLD (to 2025-04),Middle
ISSM8,all,96,0.24173999849170247,0.8062886980251488,-4.6,OLD (to 2025-04),Middle
JGPM8,all,102,0.6729898382613987,0.7378749153123065,-14.7,OLD (to 2025-04),Middle
LGGM8,all,558,0.7482503450711947,0.8187193240136669,1.4,OLD (to 2025-04),Middle
LLNM8,all,31,-0.037961234770934604,0.9153340567267059,81.2,OLD (to 2025-04),Middle
LMDM8,all,572,0.4946769977001786,0.8441493198718957,-15.1,OLD (to 2025-04),Middle
LOAM8,all,113,0.38368218276593136,0.510618177972172,9.5,OLD (to 2025-04),Middle
LORM8,all,390,0.326568332950789,0.7510799018208878,41,OLD (to 2025-04),Middle
LTBM8,all,74,0.49694128057363696,0.6694238666820169,34.1,OLD (to 2025-04),Middle
LVAM8,all,562,0.31666924401889995,0.6761035546229127,42.9,OLD (to 2025-04),Middle
MBYM8,all,101,0.1706511223725301,0.8388973480390192,52.1,OLD (to 2025-04),Middle
MEDM8,all,43,0.1551468887409394,0.6102780292536069,31.8,OLD (to 2025-04),Middle
MINM8,all,114,-0.3469126307010393,-0.10157327856756986,3.5,OLD (to 2025-04),Middle
MOBM8,all,483,0.4286997386150063,0.5999865786691815,-13.6,OLD (to 2025-04),Middle
MOTM8,all,610,0.3700223453750001,0.4461565485147514,-21.3,OLD (to 2025-04),Middle
MOYM8,all,507,0.4573530439566943,0.7916825601120318,8.7,OLD (to 2025-04),Middle
MSSM8,all,512,0.0880898907809573,0.46822730454554623,73.4,OLD (to 2025-04),Middle
MTLM8,all,100,-0.1380561472018249,0.8360599784525997,-24.5,OLD (to 2025-04),Middle
MTRM8,all,488,-0.4886029226520543,0.7946954808689043,147.4,OLD (to 2025-04),Middle
NUAM8,all,57,0.4571561786236362,0.7938131464277947,16.5,OLD (to 2025-04),Middle
OHMM8,all,73,0.183577060557354,0.935971269179488,24.2,OLD (to 2025-04),Middle
OTRM8,all,494,0.5436027703838937,0.8534220609243364,-23.5,OLD (to 2025-04),Middle
PARM8,all,51,0.23826728889675464,0.7912568416529259,-5.7,OLD (to 2025-04),Middle
RADM8,all,682,0.34472272156116424,0.5357639176569098,-29,OLD (to 2025-04),Middle
RGTM8,all,559,0.4101595892332913,0.6495271277859893,42.4,OLD (to 2025-04),Middle
RMYM8,all,600,0.09266805707150116,0.7497405639328186,84.1,OLD (to 2025-04),Middle
RYOM8,all,539,-0.01145351810501527,0.21481326955578048,18.1,OLD (to 2025-04),Middle
SASM8,all,439,0.49778189293952324,0.8498039682850106,-14.6,OLD (to 2025-04),Middle
SBSM8,all,117,0.3618818718424164,0.8173190415151278,18.9,OLD (to 2025-04),Middle
SCYM8,all,365,0.11763438525940084,0.6594970474334103,80.9,OLD (to 2025-04),Middle
SDLM8,all,152,0.582622356370502,0.7776177594165037,-19.1,OLD (to 2025-04),Middle
SDSM8,all,527,0.6124810906686033,0.6679063026241439,-14.3,OLD (to 2025-04),Middle
SURM8,all,619,0.7785508058852211,0.822559854076727,-3.5,OLD (to 2025-04),Middle
SVYM8,all,64,0.37718980841863237,0.8730356447873217,4.7,OLD (to 2025-04),Middle
TAMM8,all,65,0.2690966871396162,0.7823735372627316,-30.2,OLD (to 2025-04),Middle
TRNM8,all,457,0.2893886717122093,0.7254922201590398,48.9,OLD (to 2025-04),Middle
TWOM8,all,641,0.5940294888711949,0.6385800741885502,-8.5,OLD (to 2025-04),Middle
VLTM8,all,396,0.22255587272541977,0.4634712075126924,-15.9,OLD (to 2025-04),Middle
VOTM8,all,43,0.4281805054438791,0.7780990106847201,31.7,OLD (to 2025-04),Middle
WETM8,all,51,0.45029184070854256,0.9431285533235436,50.5,OLD (to 2025-04),Middle
WIEM8,all,549,0.7097659760290307,0.7221445518439168,-7.4,OLD (to 2025-04),Middle
WNFM8,all,102,0.6788926892530588,0.7082246602251108,12.5,OLD (to 2025-04),Middle
WOFM8,all,60,0.2914894900382884,0.7623936747906792,7.3,OLD (to 2025-04),Middle
WRHM8,all,562,0.34425980401024014,0.5983808901417261,-24.1,OLD (to 2025-04),Middle
ASAM8,all,742,0.44679641039014817,0.7274172076585883,-6,NEW (to 2026-06),Middle
BDEM8,all,334,0.6829771297240714,0.8675558744517933,-4.6,NEW (to 2026-06),Middle
BNGM8,all,600,0.42409333651330405,0.8158491711359539,-32.7,NEW (to 2026-06),Middle
BNWM8,all,736,0.49769635644891064,0.9180465140542493,-32.7,NEW (to 2026-06),Middle
BRYM8,all,719,-0.23110600224398103,-0.11920422078887913,-31,NEW (to 2026-06),Middle
BSEM8,all,459,0.44695956388166047,0.5359482371768411,-18.2,NEW (to 2026-06),Middle
BSWM8,all,488,-0.17852959258083168,0.6994914950376477,113.6,NEW (to 2026-06),Middle
BTSM8,all,1241,0.5480483136871028,0.7410504088327726,6.3,NEW (to 2026-06),Middle
BUFM8,all,351,0.466131057347309,0.9359269216193695,-26,NEW (to 2026-06),Middle
BUSM8,all,820,0.4481616220814809,0.6794882146854936,-16.4,NEW (to 2026-06),Middle
BYUM8,all,890,0.602579097029829,0.7716322056372173,32.5,NEW (to 2026-06),Middle
CHSM8,all,739,0.5883397540183233,0.7978710614036666,0.9,NEW (to 2026-06),Middle
CNNM8,all,521,0.35680673180941846,0.566823423613249,-31,NEW (to 2026-06),Middle
CRNM8,all,519,0.7191996593680355,0.7607850037295476,-10.4,NEW (to 2026-06),Middle
CSTM8,all,600,0.38549686680355677,0.7551516443408506,49.1,NEW (to 2026-06),Middle
DOGM8,all,415,-1.0559286707070394,-0.2849856161050283,55.1,NEW (to 2026-06),Middle
DRYM8,all,433,0.5512581653391551,0.614843640922372,22.6,NEW (to 2026-06),Middle
DYRM8,all,870,0.544606324851924,0.8232715916850603,-21.7,NEW (to 2026-06),Middle
FOXM8,all,408,0.4012706176051025,0.6194126804426605,-3.4,NEW (to 2026-06),Middle
FRGM8,all,803,-0.01069241349482608,0.7751073464174691,98.4,NEW (to 2026-06),Middle
FTKM8,all,390,0.41972891926299294,0.7425541204008835,17.7,NEW (to 2026-06),Middle
GLOM8,all,391,0.5214520718713247,0.6794083197628998,-18,NEW (to 2026-06),Middle
HIWM8,all,583,0.40641859753244003,0.5263331455789638,-35.6,NEW (to 2026-06),Middle
HOGM8,all,402,0.7183573694912169,0.8562258503149827,-9.1,NEW (to 2026-06),Middle
HWTM8,all,834,0.21218350696536592,0.6754721756791822,69.1,NEW (to 2026-06),Middle
INNM8,all,462,0.54685488751437,0.7462844956572705,22.5,NEW (to 2026-06),Middle
ISSM8,all,462,0.42625199628120347,0.6228052732159962,22.5,NEW (to 2026-06),Middle
JGPM8,all,532,0.5066677317895993,0.8114725448900377,-6.2,NEW (to 2026-06),Middle
LGGM8,all,885,0.6843895478865054,0.7929243457529592,-1,NEW (to 2026-06),Middle
LLNM8,all,316,-0.4701167206668466,0.8303792987952857,138.8,NEW (to 2026-06),Middle
LMDM8,all,894,0.46259776052656065,0.8353792521065531,-19.3,NEW (to 2026-06),Middle
LOAM8,all,503,0.3847345243785367,0.7263398131389167,30.6,NEW (to 2026-06),Middle
LORM8,all,633,0.42155517015023136,0.7386078469965167,30.1,NEW (to 2026-06),Middle
LTBM8,all,456,0.20917002003680774,0.4029862987617459,48.6,NEW (to 2026-06),Middle
LVAM8,all,873,0.3386859365441709,0.6069628329536222,44,NEW (to 2026-06),Middle
MBYM8,all,433,0.3393848650077481,0.7805849924791325,47.2,NEW (to 2026-06),Middle
MEDM8,all,341,0.49506071096085824,0.7872734361314361,41.6,NEW (to 2026-06),Middle
MINM8,all,450,0.13980769443041396,0.30781362128713635,-4.5,NEW (to 2026-06),Middle
MOBM8,all,766,0.33044121996177633,0.5007334568707927,-8.2,NEW (to 2026-06),Middle
MOTM8,all,942,0.3242920219786547,0.40161304082408245,-24.5,NEW (to 2026-06),Middle
MOYM8,all,800,0.3375427429130501,0.6553067556791163,8.5,NEW (to 2026-06),Middle
MSSM8,all,834,0.016314430952668046,0.2925607694967109,68.3,NEW (to 2026-06),Middle
MTLM8,all,462,0.29459647095482466,0.6262727539360988,-19.1,NEW (to 2026-06),Middle
MTRM8,all,786,-0.4841116801721468,0.7087533830503572,145.4,NEW (to 2026-06),Middle
NUAM8,all,358,0.5045929308229957,0.7398087104991625,39.7,NEW (to 2026-06),Middle
OHMM8,all,442,0.2581961104432495,0.831281143543682,50.2,NEW (to 2026-06),Middle
OTRM8,all,793,0.5306619104791219,0.8719462029699908,-23.5,NEW (to 2026-06),Middle
PARM8,all,358,0.495184230146831,0.7833393385169456,8.1,NEW (to 2026-06),Middle
RADM8,all,954,0.30679703770559463,0.512021839476611,-32.2,NEW (to 2026-06),Middle
RGTM8,all,869,0.4323083519749753,0.6119644643194014,32.3,NEW (to 2026-06),Middle
RMYM8,all,925,0.09036712194148422,0.7089618914639805,81.7,NEW (to 2026-06),Middle
RYOM8,all,861,-0.040460169952101444,0.17338990529860118,8.2,NEW (to 2026-06),Middle
SASM8,all,699,0.5442130615025791,0.7584125419501928,-15.2,NEW (to 2026-06),Middle
SBSM8,all,510,0.45364756170629106,0.7962473522441583,33.4,NEW (to 2026-06),Middle
SCYM8,all,617,0.21899374965778395,0.7547070323826631,74.1,NEW (to 2026-06),Middle
SDLM8,all,652,0.5279882729432093,0.7518744667111659,-27.3,NEW (to 2026-06),Middle
SDSM8,all,808,0.5576893474235436,0.6198492934406683,-11.4,NEW (to 2026-06),Middle
SURM8,all,946,0.7483927426919097,0.8351204451823449,-2.8,NEW (to 2026-06),Middle
SVYM8,all,331,0.4267287832021429,0.7269739237733306,36.2,NEW (to 2026-06),Middle
TAMM8,all,406,0.5028462598111311,0.7991331293603732,-20.6,NEW (to 2026-06),Middle
TRNM8,all,775,0.2966108825278474,0.5631186015534618,37.6,NEW (to 2026-06),Middle
TWOM8,all,960,0.4648854058553227,0.630035534070215,-2.5,NEW (to 2026-06),Middle
VLTM8,all,710,0.15354897532968825,0.34043295163976406,-17,NEW (to 2026-06),Middle
VOTM8,all,345,0.3488312161327518,0.6948034941348298,56,NEW (to 2026-06),Middle
WETM8,all,329,0.5408286356010835,0.7920963921981696,40.8,NEW (to 2026-06),Middle
WIEM8,all,861,0.3911546571918991,0.5586928282595712,2.1,NEW (to 2026-06),Middle
WNFM8,all,383,0.623663218463363,0.665963413755546,15.9,NEW (to 2026-06),Middle
WOFM8,all,356,0.6152007338001939,0.8055105940136803,9.9,NEW (to 2026-06),Middle
WRHM8,all,877,0.33589256625683495,0.5483777443919183,-23.2,NEW (to 2026-06),Middle
