depth,network,site_id,n_ml,n_sport,longitude,latitude,robust,KGE_KGML,KGE_SPoRT,KGE_diff,r_KGML,r_SPoRT,r_diff,pbias_KGML,pbias_SPoRT,pbias_diff,abs_pbias_adv
Shallow,SCAN,SCAN:2043,0,NA,-72.02593,43.7756,FALSE,NA,NA,NA,NA,NA,NA,NA,NA,NA,NA
Shallow,SNTL,SNTL:1000,442,442,-122.16518,42.870070000000005,TRUE,-4.602078967772787,-8.433648684663112,3.831569716890325,0.7677495810769747,0.6147794021964055,0.15297017888056919,517.1,885.5,-368.4,368.4
Shallow,SNTL,SNTL:1085,139,139,-121.5343,46.86954,FALSE,0.26253001348169347,-0.2632990290206403,0.5258290425023338,0.32856429084234057,0.07655764241995515,0.2520066484223854,22.9,86.1,-63.199999999999996,63.199999999999996
Shallow,SNTL,SNTL:1107,318,318,-123.45747,47.7086,FALSE,0.502414416990244,0.23900062901930308,0.26341378797094095,0.64587816448111,0.6135485079197824,0.03232965656132758,25.3,65.3,-40,40
Shallow,SNTL,SNTL:1113,3253,3227,-111.56918,41.88573,TRUE,0.6132957382968676,0.17540425555629469,0.4378914827405729,0.8055773263649201,0.7796668991570278,0.025910427207892273,33.3,78.4,-45.10000000000001,45.10000000000001
Shallow,SNTL,SNTL:1132,95,95,-107.0136,44.34847,FALSE,-3.350301815087078,-5.516749324085656,2.166447508998578,-0.46347912357108934,-0.3672395915020275,-0.09623953206906183,405.9,636,-230.10000000000002,230.10000000000002
Shallow,SNTL,SNTL:1152,1517,1491,-114.6133,39.16337,TRUE,0.38645091356995864,0.26439205959494316,0.12205885397501548,0.8678373732935439,0.6858508462592955,0.18198652703424845,-29.2,16.4,-45.599999999999994,-12.8
Shallow,SNTL,SNTL:1159,512,512,-118.98640000000002,48.9516,TRUE,0.4269675065125679,0.24758713345141614,0.17938037306115173,0.8582287378177731,0.778375456036015,0.0798532817817581,-39.9,22.1,-62,-17.799999999999997
Shallow,SNTL,SNTL:1248,1944,1917,-112.92949,37.59711,TRUE,0.5610162633320804,0.4476637393793066,0.11335252395277384,0.8510205746675857,0.7544640362812458,0.09655653838633993,41,32.7,8.299999999999997,-8.299999999999997
Shallow,SNTL,SNTL:1280,1202,1202,-111.71802,39.92076,TRUE,0.7916632490677613,0.42178429813507934,0.36987895093268197,0.8843585344171199,0.7980709191968266,0.08628761522029327,8.4,27.2,-18.799999999999997,18.799999999999997
Shallow,SNTL,SNTL:320,627,627,-113.93797000000001,43.74367,TRUE,0.11768937033711924,-0.5921573764446741,0.7098467467817934,0.9385603853804583,0.7543973767649035,0.1841630086155548,64.2,157.3,-93.10000000000001,93.10000000000001
Shallow,SNTL,SNTL:344,117,117,-122.26617,42.40717,FALSE,0.7126259333423779,-0.2982385851249403,1.0108645184673182,0.9067410480048295,0.8277780771033724,0.0789629709014571,27,128.1,-101.1,101.1
Shallow,SNTL,SNTL:351,100,100,-121.85605,45.428700000000006,FALSE,0.07023817557836609,-1.380977381657717,1.4512155572360832,0.7826112589003568,0.7979634846709974,-0.01535222577064066,86.1,237.2,-151.1,151.1
Shallow,SNTL,SNTL:361,545,545,-118.18787,44.83052,TRUE,0.6449800691510053,0.30673087379745934,0.3382491953535459,0.9547205373825741,0.7086003550644353,0.2461201823181388,28.6,62.9,-34.3,34.3
Shallow,SNTL,SNTL:398,672,672,-121.75443,45.09658,TRUE,0.6490590474374429,0.36516304164800417,0.28389600578943874,0.9113065800342008,0.8949231529083498,0.016383427125851058,33.9,58.5,-24.6,24.6
Shallow,SNTL,SNTL:401,0,NA,-121.6916,45.18832,FALSE,NA,NA,NA,NA,NA,NA,NA,NA,NA,NA
Shallow,SNTL,SNTL:466,335,335,-116.12233,46.83998,FALSE,-88.35970409915166,-120.83020398150094,32.47049988234929,0.01762495651332104,-0.07221287000157106,0.0898378265148921,8925.5,12176.2,-3250.7000000000007,3250.7000000000007
Shallow,SNTL,SNTL:513,982,982,-110.62121,40.73785,TRUE,0.29729244762714846,0.08242405021796384,0.21486839740918462,0.6051139402286535,0.36917475358157015,0.23593918664708335,-46.2,-47.9,1.6999999999999957,1.6999999999999957
Shallow,SNTL,SNTL:515,265,85,-120.6586,48.72047,FALSE,0.29517332668665663,-7.430377331209819,7.725550657896475,0.45323912305102243,0.5041086917674531,-0.05086956871643067,-27.6,795.4,-823,767.8
Shallow,SNTL,SNTL:523,45,45,-118.10657,45.69682,FALSE,-0.16334883018507917,-0.7723472754501419,0.6089984452650627,0.9627295513311281,0.9157773018440105,0.046952249487117625,108.7,177,-68.3,68.3
Shallow,SNTL,SNTL:568,285,285,-111.82498,44.58907000000001,FALSE,0.6459079091590021,0.3507378600220328,0.2951700491369693,0.8878587071266569,0.5995281508755316,0.28833055625112536,-9.8,6.2,-16,-3.6000000000000005
Shallow,SNTL,SNTL:578,0,NA,-110.96625,45.50410000000001,FALSE,NA,NA,NA,NA,NA,NA,NA,NA,NA,NA
Shallow,SNTL,SNTL:599,226,NA,-121.08095000000002,46.3575,FALSE,0.687179603738454,NA,NA,0.8877306223266814,NA,NA,-23.4,NA,NA,NA
Shallow,SNTL,SNTL:608,96,96,-119.49585,45.10513,FALSE,0.0762445394833311,-0.35960496290606647,0.43584950238939757,0.6163014102471941,0.7817795577474936,-0.16547814750029954,71.7,129.6,-57.89999999999999,57.89999999999999
Shallow,SNTL,SNTL:711,406,406,-120.7358,48.51865,TRUE,0.8750917301575418,-0.04626019833736206,0.9213519284949039,0.9098445664838404,0.7134221579553393,0.19642240852850112,4.9,90.8,-85.89999999999999,85.89999999999999
Shallow,SNTL,SNTL:721,155,155,-118.83842,44.00883000000001,FALSE,-0.5308077798622894,-0.6394907687227056,0.10868298886041616,-0.11928692143021602,-0.3195780902712558,0.20029116884103976,19.4,88.4,-69,69
Shallow,SNTL,SNTL:728,350,350,-119.8383,48.65518000000001,FALSE,0.6455188661215218,-0.6805367094408352,1.326055575562357,0.9086270804578458,0.6285712258933667,0.2800558545644791,27.5,158.9,-131.4,131.4
Shallow,SNTL,SNTL:734,119,NA,-121.06323,47.38485,FALSE,0.41958368507128774,NA,NA,0.7017789543438613,NA,NA,-47.3,NA,NA,NA
Shallow,SNTL,SNTL:759,69,69,-118.68785,42.753330000000005,FALSE,0.4893044265468731,0.7939778312420208,-0.3046734046951477,0.9337991875206185,0.9165495277637242,0.017249659756894298,-43.7,3.7,-47.400000000000006,-40
Shallow,SNTL,SNTL:767,314,314,-119.54013,43.94885000000001,FALSE,NA,NA,NA,NA,NA,NA,NA,NA,NA,NA
Shallow,SNTL,SNTL:781,280,280,-110.62165,46.77962000000001,FALSE,0.6107823074978913,0.26666216858123937,0.34412013891665194,0.7659617702304032,0.6157648771214682,0.15019689310893503,-30.8,-22.7,-8.100000000000001,-8.100000000000001
Shallow,SNTL,SNTL:810,51,51,-121.42592,42.69108,FALSE,-53.7582782477284,-141.25901343275893,87.50073518503054,0.6468370150686212,0.5917923896304383,0.05504462543818289,5257.3,13897.7,-8640.400000000001,8640.400000000001
Shallow,SNTL,SNTL:821,155,155,-118.42617,44.65567,FALSE,0.4693022163014974,-0.5728785924711055,1.0421808087726028,0.8011572979281755,0.7039518996978094,0.09720539823036611,38.8,143.9,-105.10000000000001,105.10000000000001
Shallow,SNTL,SNTL:836,1184,1184,-114.5056,46.1438,TRUE,0.4722045956991976,0.398756017856853,0.0734485778423446,0.7464982232228558,0.4940473667441447,0.25245085647871107,-28.5,30.3,-58.8,1.8000000000000007
Shallow,SNTL,SNTL:903,246,246,-112.50787,46.84234,FALSE,0.6324972857922533,0.03485648974994626,0.597640796042307,0.6618932792279897,0.2967952512257723,0.36509802800221736,10.1,57.3,-47.199999999999996,47.199999999999996
Shallow,SNTL,SNTL:974,270,270,-123.42594,47.94485000000001,FALSE,0.7342600231052987,0.42215575057892585,0.31210427252637285,0.8241546187409615,0.6654819544418885,0.158672664299073,-3.5,40.8,-44.3,37.3
Shallow,SNTL,SNTL:990,286,286,-121.2555,48.8793,FALSE,0.6025784476430792,0.495607460578779,0.1069709870643002,0.8093412184939477,0.6231175749225566,0.1862236435713911,-19.8,32.4,-52.2,12.599999999999998
Shallow,SNTL,SNTL:999,163,163,-121.69822999999998,48.76292000000001,FALSE,0.25130645406494,0.1626699234270521,0.0886365306378879,0.4905418968984115,0.41415283677337184,0.07638906012503965,-14.4,34.5,-48.9,20.1
Shallow,UMRB Mesonet,ACMS2,66,NA,-99.0929,43.4992,FALSE,0.7349833468697001,NA,NA,0.8614831938018432,NA,NA,21.7,NA,NA,NA
Shallow,UMRB Mesonet,ALMW4,506,NA,-104.2483,44.5871,TRUE,0.6494441815544952,NA,NA,0.7802286505588653,NA,NA,7.3,NA,NA,NA
Shallow,UMRB Mesonet,ALUN1,68,NA,-102.89401,42.05799,FALSE,0.5297376481835798,NA,NA,0.9360446067513755,NA,NA,-2.1,NA,NA,NA
Shallow,UMRB Mesonet,ASAM8,507,NA,-106.14318,45.57326,TRUE,0.5530120718438549,NA,NA,0.8914010341344041,NA,NA,16.9,NA,NA,NA
Shallow,UMRB Mesonet,AVMS2,52,NA,-98.0002,43.0096,FALSE,0.44021519008318677,NA,NA,0.5186700202065713,NA,NA,-16.1,NA,NA,NA
Shallow,UMRB Mesonet,AVNW4,486,NA,-104.5444,44.8605,TRUE,0.46450115184521434,NA,NA,0.7967626468119778,NA,NA,29.8,NA,NA,NA
Shallow,UMRB Mesonet,AWMS2,44,NA,-98.6834,45.4054,FALSE,0.2981544368314587,NA,NA,0.38734061332901454,NA,NA,-10.8,NA,NA,NA
Shallow,UMRB Mesonet,BDEM8,26,NA,-105.25889,48.55058,FALSE,0.31130656110609944,NA,NA,0.43423310038886803,NA,NA,23.4,NA,NA,NA
Shallow,UMRB Mesonet,BDMS2,27,NA,-98.2781,45.1544,FALSE,0.5968922073090965,NA,NA,0.9223170253961392,NA,NA,24.7,NA,NA,NA
Shallow,UMRB Mesonet,BDMW4,240,NA,-105.0406,44.953,FALSE,0.8636978152129555,NA,NA,0.9085635596761475,NA,NA,8.6,NA,NA,NA
Shallow,UMRB Mesonet,BFDN8,127,NA,-103.92594,47.97074,FALSE,0.1952070353751677,NA,NA,0.5876292065229917,NA,NA,-43.6,NA,NA,NA
Shallow,UMRB Mesonet,BMRN8,124,NA,-99.31836,47.74575,FALSE,0.4705657826702031,NA,NA,0.8514484868513188,NA,NA,31.8,NA,NA,NA
Shallow,UMRB Mesonet,BNGM8,76,NA,-108.49062,45.62588,FALSE,0.842424753365796,NA,NA,0.9372294582121676,NA,NA,6.9,NA,NA,NA
Shallow,UMRB Mesonet,BNWM8,355,NA,-112.17275,47.30804,FALSE,0.5597832857330964,NA,NA,0.9160784663564582,NA,NA,9.3,NA,NA,NA
Shallow,UMRB Mesonet,BRYM8,408,NA,-111.66432,48.10323,TRUE,0.7760050569708545,NA,NA,0.7788574081330887,NA,NA,1.7,NA,NA,NA
Shallow,UMRB Mesonet,BSEM8,56,NA,-110.03595,48.03403,FALSE,0.11179200052617488,NA,NA,0.6069276647407,NA,NA,20.9,NA,NA,NA
Shallow,UMRB Mesonet,BSWM8,52,NA,-110.32165,48.24156,FALSE,0.06471323545790042,NA,NA,0.8303814643344848,NA,NA,63.3,NA,NA,NA
Shallow,UMRB Mesonet,BTSM8,687,83,-109.82669,45.74353,TRUE,0.2149598425911775,-1.3773597558704251,1.5923195984616028,0.8746732983394377,0.6612300669942558,0.21344323134518195,74,229.3,-155.3,155.3
Shallow,UMRB Mesonet,BUFM8,43,NA,-112.65625,48.85363,FALSE,0.04287267244656734,NA,NA,0.3886710317599109,NA,NA,24.8,NA,NA,NA
Shallow,UMRB Mesonet,BUSM8,379,NA,-106.93155,45.51856,TRUE,0.7487730519887803,NA,NA,0.909621714688513,NA,NA,13.8,NA,NA,NA
Shallow,UMRB Mesonet,BYUM8,406,NA,-112.49437,47.95719,TRUE,0.7052721037851892,NA,NA,0.8787641954866664,NA,NA,9.6,NA,NA,NA
Shallow,UMRB Mesonet,CCMS2,98,NA,-104.0168,45.4235,FALSE,0.5980281092187527,NA,NA,0.94139785527439,NA,NA,6.2,NA,NA,NA
Shallow,UMRB Mesonet,CDLN8,214,NA,-103.02859,46.28376,FALSE,0.2427385289153583,NA,NA,0.6678431303833446,NA,NA,64.8,NA,NA,NA
Shallow,UMRB Mesonet,CGMS2,8,NA,-97.6605,44.1673,FALSE,0.32205624032512914,NA,NA,0.8299958377413594,NA,NA,-13.9,NA,NA,NA
Shallow,UMRB Mesonet,CGMW4,96,NA,-104.25466,44.95865,FALSE,0.6939628761491197,NA,NA,0.9271833095818586,NA,NA,-18.8,NA,NA,NA
Shallow,UMRB Mesonet,CHMS2,64,NA,-101.3658,44.7079,FALSE,0.398291623626138,NA,NA,0.8217383694198134,NA,NA,-14.1,NA,NA,NA
Shallow,UMRB Mesonet,CHSM8,362,NA,-111.03759,48.44775,FALSE,0.6256068088587972,NA,NA,0.7887471663388812,NA,NA,20.4,NA,NA,NA
Shallow,UMRB Mesonet,CLMS2,395,NA,-97.8464,44.9374,TRUE,0.6523498064854603,NA,NA,0.8569558220647727,NA,NA,-12.7,NA,NA,NA
Shallow,UMRB Mesonet,CLMW4,81,NA,-106.1102,44.5263,FALSE,0.2863174531606909,NA,NA,0.7054770610449611,NA,NA,-31,NA,NA,NA
Shallow,UMRB Mesonet,CMMW4,99,NA,-106.44363,44.00906,FALSE,0.5613686070478665,NA,NA,0.9742405205151664,NA,NA,-14.7,NA,NA,NA
Shallow,UMRB Mesonet,CNNM8,63,NA,-111.92398,48.30707,FALSE,0.3962729852238953,NA,NA,0.5344590298644493,NA,NA,-10.5,NA,NA,NA
Shallow,UMRB Mesonet,CRMW4,422,NA,-104.8021,44.4485,TRUE,0.28661110130509104,NA,NA,0.7686026265140538,NA,NA,66.3,NA,NA,NA
Shallow,UMRB Mesonet,CRNM8,54,NA,-110.99302,48.02231,FALSE,0.5095204562049696,NA,NA,0.8054261867812678,NA,NA,4.1,NA,NA,NA
Shallow,UMRB Mesonet,CSTM8,55,NA,-109.52066,47.4245,FALSE,0.14947649436591226,NA,NA,0.8440038836755281,NA,NA,78.2,NA,NA,NA
Shallow,UMRB Mesonet,DCMW4,94,NA,-105.13755,43.28535,FALSE,0.5140333600371068,NA,NA,0.8914258979245404,NA,NA,-28.8,NA,NA,NA
Shallow,UMRB Mesonet,DOGM8,66,NA,-113.06213,48.37776,FALSE,-3.059816054319408,NA,NA,0.6097822628386855,NA,NA,401,NA,NA,NA
Shallow,UMRB Mesonet,DOOM8,300,NA,-104.38458,48.83369,FALSE,0.6457161508526905,NA,NA,0.8608069430424378,NA,NA,9.9,NA,NA,NA
Shallow,UMRB Mesonet,DRYM8,58,NA,-108.64159,48.0419,FALSE,0.09540762943828396,NA,NA,0.2558420816277695,NA,NA,-1.7,NA,NA,NA
Shallow,UMRB Mesonet,DTMS2,191,NA,-97.5325,44.4951,FALSE,0.4469545198342535,NA,NA,0.9335378368339604,NA,NA,-11.5,NA,NA,NA
Shallow,UMRB Mesonet,DTMW4,406,NA,-105.014,44.713,TRUE,0.5794656311288582,NA,NA,0.859241490882642,NA,NA,-25.5,NA,NA,NA
Shallow,UMRB Mesonet,DVDN8,340,NA,-103.6971,46.5641,FALSE,-0.1322177813649419,NA,NA,0.7593890538033689,NA,NA,110.6,NA,NA,NA
Shallow,UMRB Mesonet,DYRM8,466,NA,-112.54923,48.29556,TRUE,0.5649078027748935,NA,NA,0.7504226771577509,NA,NA,-3.8,NA,NA,NA
Shallow,UMRB Mesonet,EGBS2,54,NA,-101.07714,45.02386,FALSE,0.21359637605730708,NA,NA,0.23022237720725713,NA,NA,-10.1,NA,NA,NA
Shallow,UMRB Mesonet,ELIN8,208,NA,-101.9858,46.5013,FALSE,0.6465666624336521,NA,NA,0.7791451026421008,NA,NA,7.8,NA,NA,NA
Shallow,UMRB Mesonet,ESWN1,419,NA,-102.16559,42.2794,TRUE,0.7755236775603224,NA,NA,0.8444956147507316,NA,NA,-16.2,NA,NA,NA
Shallow,UMRB Mesonet,FCMW4,390,NA,-104.2952,44.1959,TRUE,0.8695590228530001,NA,NA,0.9169770507514966,NA,NA,0.6,NA,NA,NA
Shallow,UMRB Mesonet,FLDN8,313,NA,-103.24321,47.12531,FALSE,0.45510428082502086,NA,NA,0.8983356631105986,NA,NA,-15.3,NA,NA,NA
Shallow,UMRB Mesonet,FLMS2,485,NA,-103.055,43.1002,TRUE,0.567105919717658,NA,NA,0.8213861919070159,NA,NA,20.3,NA,NA,NA
Shallow,UMRB Mesonet,FOXM8,55,NA,-110.74849,48.89941,FALSE,-0.29933726343392975,NA,NA,-0.011230994931886359,NA,NA,1.3,NA,NA,NA
Shallow,UMRB Mesonet,FRDN1,442,NA,-97.398063,42.749287,TRUE,0.49657587623823074,NA,NA,0.8442526774791244,NA,NA,34.9,NA,NA,NA
Shallow,UMRB Mesonet,FRGM8,388,NA,-109.08885,47.10576,TRUE,0.768819294502613,NA,NA,0.9177394361569643,NA,NA,12.2,NA,NA,NA
Shallow,UMRB Mesonet,FROM8,305,NA,-104.49668,48.25794,FALSE,-0.24013348347974972,NA,NA,0.7874578413064337,NA,NA,121.5,NA,NA,NA
Shallow,UMRB Mesonet,FTKM8,41,NA,-104.77125,48.22337,FALSE,-0.16861379376720365,NA,NA,0.009192837536661058,NA,NA,-1.4,NA,NA,NA
Shallow,UMRB Mesonet,GLOM8,48,NA,-106.74891,48.1244,FALSE,-0.5645325806580717,NA,NA,-0.5287004270500418,NA,NA,-2.2,NA,NA,NA
Shallow,UMRB Mesonet,GONN1,93,NA,-102.0689,42.64832,FALSE,0.21521717171084276,NA,NA,0.9388859762147144,NA,NA,-57.2,NA,NA,NA
Shallow,UMRB Mesonet,GRMS2,247,NA,-99.439,43.4642,FALSE,0.6902649855094479,NA,NA,0.882060374870005,NA,NA,15.2,NA,NA,NA
Shallow,UMRB Mesonet,GWMS2,56,NA,-100.2423,45.0057,FALSE,0.2922699968880753,NA,NA,0.6357899436495722,NA,NA,-0.1,NA,NA,NA
Shallow,UMRB Mesonet,HAUN1,83,NA,-103.89799,42.66399,FALSE,0.38960398849950384,NA,NA,0.927870697718555,NA,NA,59.1,NA,NA,NA
Shallow,UMRB Mesonet,HBNN8,295,NA,-102.0759,46.8045,FALSE,0.5263008819989583,NA,NA,0.8985536203425013,NA,NA,15.5,NA,NA,NA
Shallow,UMRB Mesonet,HDFN8,125,NA,-99.93723,47.45111,FALSE,0.5180861748600825,NA,NA,0.7748600781865522,NA,NA,11.7,NA,NA,NA
Shallow,UMRB Mesonet,HEUN1,98,NA,-102.93946,42.40871,FALSE,0.6426224533062901,NA,NA,0.9623842300745964,NA,NA,-2.1,NA,NA,NA
Shallow,UMRB Mesonet,HIWM8,62,NA,-110.89959,47.68476,FALSE,-0.946740130903071,NA,NA,0.014070121512211157,NA,NA,-16.3,NA,NA,NA
Shallow,UMRB Mesonet,HLMS2,105,NA,-97.17166,43.23507,FALSE,0.831342707239734,NA,NA,0.9253116585745742,NA,NA,-9.3,NA,NA,NA
Shallow,UMRB Mesonet,HMMS2,148,NA,-99.4144,44.8572,FALSE,0.8010560226677101,NA,NA,0.9093864546019346,NA,NA,-4.1,NA,NA,NA
Shallow,UMRB Mesonet,HOFN8,123,NA,-103.10819,48.16443,FALSE,0.7106032113687157,NA,NA,0.7824529673530944,NA,NA,13.7,NA,NA,NA
Shallow,UMRB Mesonet,HOGM8,38,NA,-108.78024,48.81634,FALSE,-0.27075070051874905,NA,NA,-0.13009710341497874,NA,NA,13.1,NA,NA,NA
Shallow,UMRB Mesonet,HRMS2,47,NA,-100.0909,45.8664,FALSE,0.532688482242996,NA,NA,0.7737318889573921,NA,NA,-18.5,NA,NA,NA
Shallow,UMRB Mesonet,HSMS2,213,NA,-102.9225,43.7387,FALSE,0.6534603079934951,NA,NA,0.9118291547142752,NA,NA,14.5,NA,NA,NA
Shallow,UMRB Mesonet,HSPN1,110,NA,-102.6489,42.36969,FALSE,0.3332488608796206,NA,NA,0.9071567494085631,NA,NA,-47.5,NA,NA,NA
Shallow,UMRB Mesonet,HSUN1,81,NA,-102.90947,42.61461,FALSE,0.3800227369167276,NA,NA,0.9073632783661656,NA,NA,-16.3,NA,NA,NA
Shallow,UMRB Mesonet,HUMW4,509,NA,-104.6962,44.7389,TRUE,0.6687429867278596,NA,NA,0.8584027132903602,NA,NA,-5.5,NA,NA,NA
Shallow,UMRB Mesonet,HWTM8,426,NA,-109.70085,46.41295,TRUE,0.5403519279477079,NA,NA,0.8798604666503816,NA,NA,43.9,NA,NA,NA
Shallow,UMRB Mesonet,INNM8,61,NA,-110.70967,48.71885,FALSE,-0.17283520588314416,NA,NA,-0.023437734744354632,NA,NA,16.6,NA,NA,NA
Shallow,UMRB Mesonet,ISMS2,95,NA,-101.4924,45.3863,FALSE,0.6214817074676751,NA,NA,0.8540097959961491,NA,NA,-27.5,NA,NA,NA
Shallow,UMRB Mesonet,ISSM8,63,NA,-110.71257,48.37537,FALSE,-0.062456272956149084,NA,NA,0.24792027150946572,NA,NA,-10.7,NA,NA,NA
Shallow,UMRB Mesonet,JGPM8,42,NA,-109.76837,46.71887,FALSE,0.5364841424894802,NA,NA,0.5499265476057706,NA,NA,6.8,NA,NA,NA
Shallow,UMRB Mesonet,KBMS2,481,NA,-99.8254,43.8161,TRUE,0.8435887871410387,NA,NA,0.86397933854597,NA,NA,-4.1,NA,NA,NA
Shallow,UMRB Mesonet,KDMS2,158,NA,-101.5915,43.874,FALSE,0.6802517320701107,NA,NA,0.9106031792218,NA,NA,23.6,NA,NA,NA
Shallow,UMRB Mesonet,LBMS2,529,NA,-99.6111,44.0822,TRUE,0.6695902248518497,NA,NA,0.8106067699875572,NA,NA,26.8,NA,NA,NA
Shallow,UMRB Mesonet,LBTN8,176,NA,-102.21621,47.91428,FALSE,0.40099598102947354,NA,NA,0.7941812271659695,NA,NA,7.7,NA,NA,NA
Shallow,UMRB Mesonet,LEFN8,208,NA,-102.38507,46.58835,FALSE,0.2916906395994946,NA,NA,0.6276533544018212,NA,NA,-41.8,NA,NA,NA
Shallow,UMRB Mesonet,LGGM8,417,NA,-107.51536,45.3073,TRUE,0.8309547684260892,NA,NA,0.8769286983023581,NA,NA,-10.8,NA,NA,NA
Shallow,UMRB Mesonet,LINN8,308,NA,-100.28146,46.32716,FALSE,0.6542247679685794,NA,NA,0.8555574153172041,NA,NA,14.5,NA,NA,NA
Shallow,UMRB Mesonet,LIVN8,219,NA,-100.56771,46.43594,FALSE,0.5485203679030901,NA,NA,0.8638150046153251,NA,NA,23.8,NA,NA,NA
Shallow,UMRB Mesonet,LLNM8,33,NA,-106.24298,48.52674,FALSE,-0.1999402062236002,NA,NA,-0.04203347122162982,NA,NA,57.7,NA,NA,NA
Shallow,UMRB Mesonet,LMDM8,435,NA,-106.48794,45.65598,TRUE,0.6880523063041517,NA,NA,0.9105827050688439,NA,NA,-23.3,NA,NA,NA
Shallow,UMRB Mesonet,LNMS2,362,NA,-103.7168,45.8268,FALSE,0.5582554631009143,NA,NA,0.7834104238968018,NA,NA,25,NA,NA,NA
Shallow,UMRB Mesonet,LOAM8,61,NA,-110.49169,47.95366,FALSE,0.2729873847698854,NA,NA,0.7038531005382728,NA,NA,24.7,NA,NA,NA
Shallow,UMRB Mesonet,LORM8,346,NA,-107.87788,48.77156,FALSE,0.2921239013516155,NA,NA,0.7847808898026025,NA,NA,46.9,NA,NA,NA
Shallow,UMRB Mesonet,LPMS2,55,NA,-100.673,45.1456,FALSE,0.5794603267742201,NA,NA,0.7149423102084996,NA,NA,-4,NA,NA,NA
Shallow,UMRB Mesonet,LRMS2,378,NA,-99.9773,45.2815,TRUE,0.29180514353623854,NA,NA,0.7890715951634482,NA,NA,61.1,NA,NA,NA
Shallow,UMRB Mesonet,LTBM8,53,NA,-109.6417,48.746,FALSE,-0.3629031350169334,NA,NA,-0.12740192384199878,NA,NA,34.3,NA,NA,NA
Shallow,UMRB Mesonet,LTMS2,62,NA,-101.4844,45.0871,FALSE,0.09791579603635947,NA,NA,0.45232980431538666,NA,NA,21,NA,NA,NA
Shallow,UMRB Mesonet,LVAM8,445,NA,-108.95365,46.39892,TRUE,0.6585020356043416,NA,NA,0.8290611286988455,NA,NA,20.2,NA,NA,NA
Shallow,UMRB Mesonet,LYHN1,422,NA,-98.5042,42.8407,TRUE,0.5734498988009553,NA,NA,0.8957119947215213,NA,NA,35.5,NA,NA,NA
Shallow,UMRB Mesonet,MATS2,200,NA,-101.6511,43.1992,FALSE,0.48261662132439687,NA,NA,0.933070156145205,NA,NA,-16.7,NA,NA,NA
Shallow,UMRB Mesonet,MAUN1,85,NA,-103.33128,42.35566,FALSE,0.5903242817869823,NA,NA,0.9187814535070414,NA,NA,-6.9,NA,NA,NA
Shallow,UMRB Mesonet,MBMS2,150,NA,-102.7539,44.9196,FALSE,0.5905651007157022,NA,NA,0.8961027880837096,NA,NA,-27.6,NA,NA,NA
Shallow,UMRB Mesonet,MBYM8,50,NA,-107.65106,46.93618,FALSE,0.64389225624841,NA,NA,0.7092573552089569,NA,NA,9.6,NA,NA,NA
Shallow,UMRB Mesonet,MCKN8,294,NA,-100.38346,46.82221,FALSE,0.5146634130370761,NA,NA,0.8244669529128571,NA,NA,-10,NA,NA,NA
Shallow,UMRB Mesonet,MCMS2,382,NA,-100.1151,45.6712,TRUE,0.5233451404024608,NA,NA,0.8235366717305656,NA,NA,-7.2,NA,NA,NA
Shallow,UMRB Mesonet,MDMS2,206,NA,-97.0898,43.9146,FALSE,0.8344091645191785,NA,NA,0.9197642620872637,NA,NA,9.9,NA,NA,NA
Shallow,UMRB Mesonet,MEDM8,28,NA,-104.73097,48.51998,FALSE,-0.28829496814540323,NA,NA,-0.10677809876647408,NA,NA,-9.2,NA,NA,NA
Shallow,UMRB Mesonet,MEIN1,416,NA,-101.72452,42.61576,TRUE,0.797924931946816,NA,NA,0.8052625490353598,NA,NA,-3.2,NA,NA,NA
Shallow,UMRB Mesonet,MINM8,59,NA,-112.63338,48.52725,FALSE,0.4480331794871668,NA,NA,0.9148683727407813,NA,NA,7.2,NA,NA,NA
Shallow,UMRB Mesonet,MLMS2,401,NA,-101.0909,44.0851,TRUE,0.558899671170935,NA,NA,0.776267141309263,NA,NA,-0,NA,NA,NA
Shallow,UMRB Mesonet,MNMS2,522,NA,-97.4524,43.2109,TRUE,0.7345638036374806,NA,NA,0.8570531410396817,NA,NA,-2.6,NA,NA,NA
Shallow,UMRB Mesonet,MNNN8,253,NA,-102.8325,47.1925,FALSE,0.6318613018542603,NA,NA,0.8978288049951695,NA,NA,0.5,NA,NA,NA
Shallow,UMRB Mesonet,MOBM8,396,NA,-108.09801,47.06115,TRUE,0.6645980984117065,NA,NA,0.6822480612499643,NA,NA,3.9,NA,NA,NA
Shallow,UMRB Mesonet,MOTM8,514,NA,-108.95924,45.84138,TRUE,0.6343215266833935,NA,NA,0.7649799206680609,NA,NA,1.6,NA,NA,NA
Shallow,UMRB Mesonet,MOYM8,414,NA,-107.92134,46.7823,TRUE,0.6217000961417012,NA,NA,0.9001654266046667,NA,NA,-16.1,NA,NA,NA
Shallow,UMRB Mesonet,MRNN8,353,NA,-103.9373,46.3228,FALSE,0.16012929916360608,NA,NA,0.7593016828748336,NA,NA,71.4,NA,NA,NA
Shallow,UMRB Mesonet,MSSM8,408,NA,-108.02182,46.53997,TRUE,0.16926600639690081,NA,NA,0.8142164189741503,NA,NA,80.9,NA,NA,NA
Shallow,UMRB Mesonet,MTLM8,55,NA,-111.03753,48.85226,FALSE,0.3996660176236221,NA,NA,0.5051652261232289,NA,NA,-4.3,NA,NA,NA
Shallow,UMRB Mesonet,MTRM8,405,NA,-108.33595,47.92644,TRUE,-0.3370623948727287,NA,NA,0.8270275060624214,NA,NA,127.5,NA,NA,NA
Shallow,UMRB Mesonet,MXAN8,165,NA,-101.31472,47.87,FALSE,0.38809452334492955,NA,NA,0.7605522338784554,NA,NA,-25.3,NA,NA,NA
Shallow,UMRB Mesonet,NARN1,450,NA,-99.138759,42.966264,TRUE,0.6008094323276716,NA,NA,0.8836065310843333,NA,NA,-14.2,NA,NA,NA
Shallow,UMRB Mesonet,NCMW4,407,NA,-104.2619,43.6662,TRUE,0.5892410773034584,NA,NA,0.9138047044625791,NA,NA,-6,NA,NA,NA
Shallow,UMRB Mesonet,NEDN8,332,NA,-102.96803,46.52645,FALSE,0.3831536133130118,NA,NA,0.8279987295899445,NA,NA,-23.8,NA,NA,NA
Shallow,UMRB Mesonet,NSLN8,162,NA,-101.34194,46.76778,FALSE,0.648541867720089,NA,NA,0.7661848018521239,NA,NA,-2.1,NA,NA,NA
Shallow,UMRB Mesonet,NUAM8,45,NA,-106.32129,48.19608,FALSE,-0.5313614898467016,NA,NA,-0.006379731616244072,NA,NA,103.6,NA,NA,NA
Shallow,UMRB Mesonet,OEMS2,477,NA,-103.3477,43.041,TRUE,0.8602805853701967,NA,NA,0.8693310475797607,NA,NA,-4.5,NA,NA,NA
Shallow,UMRB Mesonet,OHDN1,448,NA,-98.261073,42.490732,TRUE,0.4585337532349004,NA,NA,0.8314209284481185,NA,NA,-30.8,NA,NA,NA
Shallow,UMRB Mesonet,OHMM8,28,NA,-106.38619,48.78782,FALSE,-0.19638658710102797,NA,NA,0.1270168476299174,NA,NA,-21.6,NA,NA,NA
Shallow,UMRB Mesonet,OSMW4,461,NA,-104.3791,43.99378,TRUE,0.6573616474704387,NA,NA,0.8643516318015522,NA,NA,-6.9,NA,NA,NA
Shallow,UMRB Mesonet,OTRM8,369,NA,-105.9845,45.24692,TRUE,0.5400528726188354,NA,NA,0.9539935390146179,NA,NA,-5.6,NA,NA,NA
Shallow,UMRB Mesonet,PARM8,42,NA,-105.21641,48.17849,FALSE,-0.4021394677259902,NA,NA,-0.25078833988541205,NA,NA,19.5,NA,NA,NA
Shallow,UMRB Mesonet,PCDN8,320,NA,-101.6123,47.4747,FALSE,0.53409146430654,NA,NA,0.7205841825488275,NA,NA,19,NA,NA,NA
Shallow,UMRB Mesonet,PCKN8,157,NA,-100.67296,47.41536,FALSE,0.4090464958574014,NA,NA,0.6616254983357792,NA,NA,11.2,NA,NA,NA
Shallow,UMRB Mesonet,PCMS2,374,NA,-102.9195,45.3388,TRUE,0.638117437926037,NA,NA,0.8433046068203636,NA,NA,-9.6,NA,NA,NA
Shallow,UMRB Mesonet,PIMS2,252,NA,-99.9997,44.3541,FALSE,0.7523212192426798,NA,NA,0.8232113101770404,NA,NA,-17.1,NA,NA,NA
Shallow,UMRB Mesonet,PKJN8,321,NA,-103.6559,47.5025,FALSE,0.46488357422462945,NA,NA,0.8248216741747915,NA,NA,-17.2,NA,NA,NA
Shallow,UMRB Mesonet,PKMS2,230,NA,-97.0793,43.4885,FALSE,0.5910402194483799,NA,NA,0.908180237296161,NA,NA,-24.1,NA,NA,NA
Shallow,UMRB Mesonet,PMPN8,259,NA,-103.35835,46.78142,FALSE,0.46502655054543707,NA,NA,0.906231344429965,NA,NA,7.9,NA,NA,NA
Shallow,UMRB Mesonet,POLN8,96,NA,-102.56083,48.48417,FALSE,-0.024271779615141487,NA,NA,0.6315901325486738,NA,NA,88.9,NA,NA,NA
Shallow,UMRB Mesonet,PTON8,323,NA,-101.77054,46.15995,FALSE,0.6181544451742873,NA,NA,0.8602799419725469,NA,NA,13,NA,NA,NA
Shallow,UMRB Mesonet,RADM8,478,10,-112.00768,48.06099,TRUE,0.5703167218495921,-0.8375788737445138,1.407895595594106,0.8481651273407707,-0.735485825545886,1.5836509528866567,-3.3,-23.7,20.4,20.4
Shallow,UMRB Mesonet,RAPM8,119,NA,-109.42109,45.88584,FALSE,0.7636202723124672,NA,NA,0.8096888585671391,NA,NA,1.2,NA,NA,NA
Shallow,UMRB Mesonet,RDFS2,40,NA,-98.4066,44.8859,FALSE,0.8509793827338266,NA,NA,0.8627359402148866,NA,NA,4.9,NA,NA,NA
Shallow,UMRB Mesonet,RDMS2,371,NA,-103.5495,45.3195,TRUE,0.6258206672661313,NA,NA,0.8921036725076495,NA,NA,-28.5,NA,NA,NA
Shallow,UMRB Mesonet,RGTM8,423,NA,-109.31114,46.19946,TRUE,0.2529231968828517,NA,NA,0.9073831577994154,NA,NA,72.5,NA,NA,NA
Shallow,UMRB Mesonet,RHMS2,198,NA,-98.7965,44.8224,FALSE,0.8689233627059153,NA,NA,0.9247162312898449,NA,NA,9.5,NA,NA,NA
Shallow,UMRB Mesonet,RKMW4,255,NA,-104.8825,43.6795,FALSE,0.4890851732170062,NA,NA,0.9530355741248516,NA,NA,21.8,NA,NA,NA
Shallow,UMRB Mesonet,RMYM8,436,NA,-109.3477,46.5351,TRUE,0.624894329364341,NA,NA,0.8960114436543802,NA,NA,22.2,NA,NA,NA
Shallow,UMRB Mesonet,RRMW4,91,NA,-105.88865,43.41376,FALSE,0.4767386519184301,NA,NA,0.9150220134977317,NA,NA,-34.4,NA,NA,NA
Shallow,UMRB Mesonet,RSTM8,320,NA,-104.84179,48.82451,FALSE,0.38151458467741106,NA,NA,0.611992963760051,NA,NA,20,NA,NA,NA
Shallow,UMRB Mesonet,RSVN1,81,NA,-102.43749,42.71207,FALSE,0.6919463936687664,NA,NA,0.9655684589772845,NA,NA,-7,NA,NA,NA
Shallow,UMRB Mesonet,RYOM8,399,NA,-108.67782,47.37909,TRUE,0.47416761236350713,NA,NA,0.7833211506932879,NA,NA,35.7,NA,NA,NA
Shallow,UMRB Mesonet,SASM8,353,NA,-107.39124,48.29082,FALSE,0.5866283544150681,NA,NA,0.7987098917080976,NA,NA,14.8,NA,NA,NA
Shallow,UMRB Mesonet,SBSM8,62,NA,-112.02219,48.91505,FALSE,0.0760579335555579,NA,NA,0.3382082414200704,NA,NA,35.4,NA,NA,NA
Shallow,UMRB Mesonet,SCYM8,311,NA,-105.49718,48.8602,FALSE,0.1968378647642539,NA,NA,0.6207043664394541,NA,NA,54.3,NA,NA,NA
Shallow,UMRB Mesonet,SDLM8,100,NA,-110.15675,45.74655,FALSE,0.6181854779374474,NA,NA,0.9187222259909339,NA,NA,-11.7,NA,NA,NA
Shallow,UMRB Mesonet,SDSM8,410,NA,-107.63839,47.1653,TRUE,0.8445152559933482,NA,NA,0.8651750144384981,NA,NA,6.6,NA,NA,NA
Shallow,UMRB Mesonet,SHLN8,285,NA,-102.07275,48.15001,FALSE,0.5298656165490652,NA,NA,0.8470396439819248,NA,NA,42,NA,NA,NA
Shallow,UMRB Mesonet,SLBN8,336,NA,-103.79333,47.06694,FALSE,0.52784038805888,NA,NA,0.7151569549395695,NA,NA,17.5,NA,NA,NA
Shallow,UMRB Mesonet,SNMS2,205,NA,-102.442,43.7574,FALSE,0.6317913282045455,NA,NA,0.7909326341022276,NA,NA,-28.8,NA,NA,NA
Shallow,UMRB Mesonet,SNRN8,325,NA,-100.9891,47.1668,FALSE,0.5009149262515872,NA,NA,0.9013121543880505,NA,NA,33,NA,NA,NA
Shallow,UMRB Mesonet,SPMS2,374,NA,-103.9164,44.5656,TRUE,0.5058336037509072,NA,NA,0.915068076569094,NA,NA,38.3,NA,NA,NA
Shallow,UMRB Mesonet,STYN8,98,NA,-102.4652,48.1961,FALSE,-1.5391756655156486,NA,NA,-0.06679857429739797,NA,NA,52,NA,NA,NA
Shallow,UMRB Mesonet,SURM8,482,NA,-111.71725,47.41178,TRUE,0.6657048993713021,NA,NA,0.8257077489004826,NA,NA,9.1,NA,NA,NA
Shallow,UMRB Mesonet,SVYM8,51,NA,-108.5907,48.417,FALSE,-0.40296524262482936,NA,NA,-0.09061709669554002,NA,NA,50.3,NA,NA,NA
Shallow,UMRB Mesonet,TAMM8,50,NA,-106.85091,48.36463,FALSE,-0.08601309986186001,NA,NA,0.03272828901189801,NA,NA,-1.8,NA,NA,NA
Shallow,UMRB Mesonet,THMS2,408,NA,-101.2295,43.2061,TRUE,0.5805000755432701,NA,NA,0.920745395124506,NA,NA,-17.3,NA,NA,NA
Shallow,UMRB Mesonet,TRNM8,351,NA,-108.39366,48.87426,FALSE,0.15236055810880123,NA,NA,0.6018624311785419,NA,NA,61.7,NA,NA,NA
Shallow,UMRB Mesonet,TWOM8,423,NA,-110.20549,46.44675,TRUE,0.5912103942012061,NA,NA,0.8039129516172306,NA,NA,26.8,NA,NA,NA
Shallow,UMRB Mesonet,UCMS2,153,NA,-102.8964,44.7047,FALSE,0.8076739496277969,NA,NA,0.8329146344704108,NA,NA,-8.4,NA,NA,NA
Shallow,UMRB Mesonet,UPMW4,428,NA,-104.63755,43.9643,TRUE,0.6422296200363424,NA,NA,0.9287718311304519,NA,NA,5.1,NA,NA,NA
Shallow,UMRB Mesonet,VLTM8,493,NA,-108.24377,47.35797,TRUE,0.7036754717757204,NA,NA,0.8057082312512688,NA,NA,-14.5,NA,NA,NA
Shallow,UMRB Mesonet,VNMS2,463,NA,-98.2793,43.7173,TRUE,0.8489056956007801,NA,NA,0.86157535392432,NA,NA,-5.4,NA,NA,NA
Shallow,UMRB Mesonet,VOTM8,38,NA,-105.66213,48.54228,FALSE,-0.5723863175094053,NA,NA,-0.5064293191175587,NA,NA,12,NA,NA,NA
Shallow,UMRB Mesonet,VVMS2,470,NA,-100.2963,43.7508,TRUE,0.8283676022031979,NA,NA,0.8921177419378927,NA,NA,-11.1,NA,NA,NA
Shallow,UMRB Mesonet,WETM8,31,NA,-113.11848,48.77951,FALSE,0.26688978695412113,NA,NA,0.7517037626097282,NA,NA,31,NA,NA,NA
Shallow,UMRB Mesonet,WGMS2,143,NA,-98.7614,44.4592,FALSE,-0.619078220642578,NA,NA,0.21221869854916453,NA,NA,-42.4,NA,NA,NA
Shallow,UMRB Mesonet,WHUN1,84,NA,-103.31791,42.74225,FALSE,0.639779879734121,NA,NA,0.9185375970092508,NA,NA,10.9,NA,NA,NA
Shallow,UMRB Mesonet,WIEM8,426,NA,-108.50241,46.96536,TRUE,0.6987049048194478,NA,NA,0.8258306109580644,NA,NA,-11.2,NA,NA,NA
Shallow,UMRB Mesonet,WNFM8,57,NA,-109.2019,47.7319,FALSE,0.5197185116119674,NA,NA,0.8340803164691302,NA,NA,10.4,NA,NA,NA
Shallow,UMRB Mesonet,WNGN8,295,NA,-100.3303,47.2719,FALSE,0.390406504596002,NA,NA,0.9091311643279605,NA,NA,60.2,NA,NA,NA
Shallow,UMRB Mesonet,WOFM8,47,NA,-105.73792,48.17452,FALSE,-0.6407776223017496,NA,NA,-0.5614434046311847,NA,NA,-0,NA,NA,NA
Shallow,UMRB Mesonet,WRHM8,491,NA,-108.59132,47.14725,TRUE,0.5132131957863555,NA,NA,0.7463298839605086,NA,NA,12.7,NA,NA,NA
Shallow,UMRB Mesonet,WRHN8,163,NA,-99.06591,46.14316,FALSE,0.6895351586583355,NA,NA,0.9226120592534576,NA,NA,-7.7,NA,NA,NA
Shallow,UMRB Mesonet,WSMS2,431,NA,-98.3103,44.1114,TRUE,0.7881349214962035,NA,NA,0.9165726145524717,NA,NA,1.8,NA,NA,NA
Shallow,UMRB Mesonet,YPLN8,276,NA,-98.52323,46.77638,FALSE,0.7073046166476449,NA,NA,0.8769112543260916,NA,NA,11,NA,NA,NA
Shallow,UMRB Mesonet,ZPPN8,153,NA,-101.97136,47.43673,FALSE,0.34748363682998495,NA,NA,0.7576722494472277,NA,NA,32.1,NA,NA,NA
Shallow,USCRN,1085,4162,NA,-75.92,37.29,TRUE,0.8020900075874686,NA,NA,0.886547203194162,NA,NA,1.5,NA,NA,NA
Shallow,USCRN,1128,4428,4401,-81.31,25.89,TRUE,0.5849624554731387,0.25825628639891884,0.3267061690742199,0.6920321225844793,0.6057686239904222,0.08626349859405713,-2.5,62,-64.5,59.5
Shallow,USCRN,1529,0,NA,-119.87,34.41,FALSE,NA,NA,NA,NA,NA,NA,NA,NA,NA,NA
Shallow,USCRN,1610,211,211,-124.31,43.27,FALSE,-0.08344168211409841,-0.0027078520089793834,-0.08073383010511903,0.3315857155544357,0.3538085479589511,-0.02222283240451539,-73.1,-51.6,-21.499999999999993,-21.499999999999993
