site_id,network,longitude,latitude,in_kfold_shallow,in_kfold_middle,oos_shallow,oos_middle,fully_oos
AIDN8,UMRB Mesonet,-103.31629,46.48844,TRUE,TRUE,FALSE,FALSE,FALSE
BCHN8,UMRB Mesonet,-103.96629,46.78941,TRUE,TRUE,FALSE,FALSE,FALSE
BOMN8,UMRB Mesonet,-103.47303,46.19958,TRUE,TRUE,FALSE,FALSE,FALSE
CRGN8,UMRB Mesonet,-99.13215,47.50865,TRUE,TRUE,FALSE,FALSE,FALSE
CSRN8,UMRB Mesonet,-101.37384,46.44304,TRUE,TRUE,FALSE,FALSE,FALSE
CURN8,UMRB Mesonet,-98.67987,47.22119,TRUE,TRUE,FALSE,FALSE,FALSE
DKSN8,UMRB Mesonet,-102.81284,46.89483,TRUE,TRUE,FALSE,FALSE,FALSE
DOOM8,UMRB Mesonet,-104.38458,48.83369,FALSE,FALSE,TRUE,TRUE,TRUE
EDGN8,UMRB Mesonet,-98.76608,46.31913,TRUE,TRUE,FALSE,FALSE,FALSE
FROM8,UMRB Mesonet,-104.49668,48.25794,FALSE,FALSE,TRUE,TRUE,TRUE
FTUN8,UMRB Mesonet,-103.80585,48.96375,TRUE,TRUE,FALSE,FALSE,FALSE
GANN8,UMRB Mesonet,-101.67955,47.71023,TRUE,TRUE,FALSE,FALSE,FALSE
GREN8,UMRB Mesonet,-103.88123,48.73502,TRUE,TRUE,FALSE,FALSE,FALSE
GSBN8,UMRB Mesonet,-103.20628,47.38661,TRUE,TRUE,FALSE,FALSE,FALSE
HAZN8,UMRB Mesonet,-101.67933,47.30177,TRUE,TRUE,FALSE,FALSE,FALSE
HTGN8,UMRB Mesonet,-102.64564,46.01255,TRUE,TRUE,FALSE,FALSE,FALSE
JSTN8,UMRB Mesonet,-98.92778,46.90669,TRUE,TRUE,FALSE,FALSE,FALSE
KEEN8,UMRB Mesonet,-103.04803,47.89372,TRUE,TRUE,FALSE,FALSE,FALSE
MARN8,UMRB Mesonet,-98.32759,46.56453,TRUE,TRUE,FALSE,FALSE,FALSE
MATN8,UMRB Mesonet,-102.32195,46.37979,TRUE,TRUE,FALSE,FALSE,FALSE
MMDN8,UMRB Mesonet,-100.91401,46.77356,TRUE,TRUE,FALSE,FALSE,FALSE
OKNN8,UMRB Mesonet,-98.10281,46.06672,TRUE,TRUE,FALSE,FALSE,FALSE
RAYN8,UMRB Mesonet,-103.16926,48.40095,TRUE,TRUE,FALSE,FALSE,FALSE
ROBN8,UMRB Mesonet,-99.79807,47.17305,TRUE,TRUE,FALSE,FALSE,FALSE
RSTM8,UMRB Mesonet,-104.84179,48.82451,FALSE,FALSE,TRUE,TRUE,TRUE
SEEN8,UMRB Mesonet,-99.99273,46.89402,TRUE,TRUE,FALSE,FALSE,FALSE
STRN8,UMRB Mesonet,-99.46081,46.71797,TRUE,TRUE,FALSE,FALSE,FALSE
TURN8,UMRB Mesonet,-100.91529,47.56793,TRUE,TRUE,FALSE,FALSE,FALSE
WISN8,UMRB Mesonet,-99.66585,46.26033,TRUE,TRUE,FALSE,FALSE,FALSE
WLLN8,UMRB Mesonet,-103.73859,48.13308,TRUE,TRUE,FALSE,FALSE,FALSE
ZELN8,UMRB Mesonet,-99.68768,46.01351,TRUE,TRUE,FALSE,FALSE,FALSE
ATRS2,UMRB Mesonet,-103.2888,45.5193,TRUE,TRUE,FALSE,FALSE,FALSE
BFMS2,UMRB Mesonet,-96.9011,43.0404,TRUE,TRUE,FALSE,FALSE,FALSE
BKMS2,UMRB Mesonet,-96.7685,44.325,TRUE,TRUE,FALSE,FALSE,FALSE
BWLS2,UMRB Mesonet,-99.6729,45.4388,TRUE,TRUE,FALSE,FALSE,FALSE
CLMS2,UMRB Mesonet,-97.8464,44.9374,FALSE,FALSE,TRUE,TRUE,TRUE
CPTS2,UMRB Mesonet,-103.0008,44.0008,TRUE,TRUE,FALSE,FALSE,FALSE
CTWS2,UMRB Mesonet,-101.8541,43.9601,TRUE,TRUE,FALSE,FALSE,FALSE
EDTS2,UMRB Mesonet,-103.972,43.4739,TRUE,TRUE,FALSE,FALSE,FALSE
FLMS2,UMRB Mesonet,-103.055,43.1002,FALSE,FALSE,TRUE,TRUE,TRUE
FLNS2,UMRB Mesonet,-96.5847,44.087,TRUE,TRUE,FALSE,FALSE,FALSE
GGMS2,UMRB Mesonet,-99.4934,43.1373,TRUE,TRUE,FALSE,FALSE,FALSE
GOTS2,UMRB Mesonet,-98.0302,45.5735,TRUE,TRUE,FALSE,FALSE,FALSE
HAMS2,UMRB Mesonet,-101.1291,44.3125,TRUE,TRUE,FALSE,FALSE,FALSE
HIHS2,UMRB Mesonet,-99.4614,44.5258,TRUE,TRUE,FALSE,FALSE,FALSE
HMLS2,UMRB Mesonet,-99.7121,43.5938,TRUE,TRUE,FALSE,FALSE,FALSE
KBMS2,UMRB Mesonet,-99.8254,43.8161,FALSE,FALSE,TRUE,TRUE,TRUE
LBMS2,UMRB Mesonet,-99.6111,44.0822,FALSE,FALSE,TRUE,TRUE,TRUE
LCMS2,UMRB Mesonet,-98.1096,43.9028,TRUE,TRUE,FALSE,FALSE,FALSE
LLAS2,UMRB Mesonet,-98.9314,45.7167,TRUE,TRUE,FALSE,FALSE,FALSE
LNMS2,UMRB Mesonet,-103.7168,45.8268,FALSE,FALSE,TRUE,TRUE,TRUE
LRMS2,UMRB Mesonet,-99.9773,45.2815,FALSE,FALSE,TRUE,TRUE,TRUE
MCMS2,UMRB Mesonet,-100.1151,45.6712,FALSE,FALSE,TRUE,TRUE,TRUE
MNMS2,UMRB Mesonet,-97.4524,43.2109,FALSE,TRUE,TRUE,FALSE,FALSE
MVMS2,UMRB Mesonet,-101.8991,44.4748,TRUE,TRUE,FALSE,FALSE,FALSE
NISS2,UMRB Mesonet,-103.5603,44.6782,TRUE,TRUE,FALSE,FALSE,FALSE
NOMS2,UMRB Mesonet,-101.1014,43.5999,TRUE,TRUE,FALSE,FALSE,FALSE
OCMS2,UMRB Mesonet,-99.4157,43.7982,TRUE,TRUE,FALSE,FALSE,FALSE
OEMS2,UMRB Mesonet,-103.3477,43.041,FALSE,FALSE,TRUE,TRUE,TRUE
ONMS2,UMRB Mesonet,-100.32,44.6465,TRUE,TRUE,FALSE,FALSE,FALSE
PCMS2,UMRB Mesonet,-102.9195,45.3388,FALSE,FALSE,TRUE,TRUE,TRUE
PVMS2,UMRB Mesonet,-103.7986,43.0375,TRUE,TRUE,FALSE,FALSE,FALSE
RAMS2,UMRB Mesonet,-102.9226,45.9059,TRUE,TRUE,FALSE,FALSE,FALSE
RBMS2,UMRB Mesonet,-100.7205,43.2,TRUE,TRUE,FALSE,FALSE,FALSE
SFSS2,UMRB Mesonet,-96.7623,43.5048,TRUE,TRUE,FALSE,FALSE,FALSE
SHSS2,UMRB Mesonet,-97.1025,45.1054,TRUE,TRUE,FALSE,FALSE,FALSE
STMS2,UMRB Mesonet,-103.3792,44.4245,TRUE,TRUE,FALSE,FALSE,FALSE
THMS2,UMRB Mesonet,-101.2295,43.2061,FALSE,FALSE,TRUE,TRUE,TRUE
TIMS2,UMRB Mesonet,-101.085,45.4166,TRUE,TRUE,FALSE,FALSE,FALSE
UNIS2,UMRB Mesonet,-102.6709,44.5664,TRUE,TRUE,FALSE,FALSE,FALSE
VGAS2,UMRB Mesonet,-96.9188,44.304,TRUE,FALSE,FALSE,TRUE,FALSE
VNMS2,UMRB Mesonet,-98.2793,43.7173,FALSE,FALSE,TRUE,TRUE,TRUE
VVMS2,UMRB Mesonet,-100.2963,43.7508,FALSE,FALSE,TRUE,TRUE,TRUE
WNMS2,UMRB Mesonet,-99.6931,43.3142,TRUE,TRUE,FALSE,FALSE,FALSE
WRIS2,UMRB Mesonet,-100.7423,43.5586,TRUE,TRUE,FALSE,FALSE,FALSE
WSMS2,UMRB Mesonet,-98.3103,44.1114,FALSE,FALSE,TRUE,TRUE,TRUE
WTES2,UMRB Mesonet,-98.6936,43.7373,TRUE,TRUE,FALSE,FALSE,FALSE
BDVM8,UMRB Mesonet,-108.75544,46.12817,TRUE,TRUE,FALSE,FALSE,FALSE
BLWM8,UMRB Mesonet,-111.47361,47.69075,TRUE,TRUE,FALSE,FALSE,FALSE
BRYM8,UMRB Mesonet,-111.66432,48.10323,FALSE,FALSE,TRUE,TRUE,TRUE
BTSM8,UMRB Mesonet,-109.82669,45.74353,FALSE,TRUE,TRUE,FALSE,FALSE
BYUM8,UMRB Mesonet,-112.49437,47.95719,FALSE,FALSE,TRUE,TRUE,TRUE
BZNM8,UMRB Mesonet,-111.07218,45.66341,TRUE,TRUE,FALSE,FALSE,FALSE
CFCM8,UMRB Mesonet,-110.10835,47.39345,TRUE,TRUE,FALSE,FALSE,FALSE
CHSM8,UMRB Mesonet,-111.03759,48.44775,FALSE,FALSE,TRUE,TRUE,TRUE
COOM8,UMRB Mesonet,-109.2597,45.46583,TRUE,TRUE,FALSE,FALSE,FALSE
CROM8,UMRB Mesonet,-107.43834,45.58605,TRUE,TRUE,FALSE,FALSE,FALSE
DYRM8,UMRB Mesonet,-112.54923,48.29556,FALSE,FALSE,TRUE,TRUE,TRUE
HAEM8,UMRB Mesonet,-109.79939,48.48906,TRUE,TRUE,FALSE,FALSE,FALSE
HNTM8,UMRB Mesonet,-108.23296,45.92637,TRUE,TRUE,FALSE,FALSE,FALSE
HWTM8,UMRB Mesonet,-109.70085,46.41295,FALSE,FALSE,TRUE,TRUE,TRUE
IGMM8,UMRB Mesonet,-107.22383,46.65685,TRUE,TRUE,FALSE,FALSE,FALSE
KEEM8,UMRB Mesonet,-109.6112,45.55735,TRUE,TRUE,FALSE,FALSE,FALSE
LVAM8,UMRB Mesonet,-108.95365,46.39892,FALSE,FALSE,TRUE,TRUE,TRUE
MCIM8,UMRB Mesonet,-109.95352,47.05849,TRUE,TRUE,FALSE,FALSE,FALSE
MCYM8,UMRB Mesonet,-105.95432,46.40541,TRUE,TRUE,FALSE,FALSE,FALSE
MLVM8,UMRB Mesonet,-109.84163,46.00145,TRUE,TRUE,FALSE,FALSE,FALSE
MOBM8,UMRB Mesonet,-108.09801,47.06115,FALSE,FALSE,TRUE,TRUE,TRUE
MOTM8,UMRB Mesonet,-108.95924,45.84138,FALSE,FALSE,TRUE,TRUE,TRUE
OILM8,UMRB Mesonet,-111.60108,48.78158,TRUE,TRUE,FALSE,FALSE,FALSE
RADM8,UMRB Mesonet,-112.00768,48.06099,FALSE,TRUE,TRUE,FALSE,FALSE
RAPM8,UMRB Mesonet,-109.42109,45.88584,FALSE,FALSE,TRUE,TRUE,TRUE
RGTM8,UMRB Mesonet,-109.31114,46.19946,FALSE,FALSE,TRUE,TRUE,TRUE
RMYM8,UMRB Mesonet,-109.3477,46.5351,FALSE,FALSE,TRUE,TRUE,TRUE
ROUM8,UMRB Mesonet,-108.42432,46.57848,TRUE,TRUE,FALSE,FALSE,FALSE
RYOM8,UMRB Mesonet,-108.67782,47.37909,FALSE,FALSE,TRUE,TRUE,TRUE
SDSM8,UMRB Mesonet,-107.63839,47.1653,FALSE,FALSE,TRUE,TRUE,TRUE
SIYM8,UMRB Mesonet,-104.24789,47.78229,TRUE,TRUE,FALSE,FALSE,FALSE
SURM8,UMRB Mesonet,-111.71725,47.41178,FALSE,FALSE,TRUE,TRUE,TRUE
TTNM8,UMRB Mesonet,-111.5432,46.13646,TRUE,TRUE,FALSE,FALSE,FALSE
TWOM8,UMRB Mesonet,-110.20549,46.44675,FALSE,FALSE,TRUE,TRUE,TRUE
WIEM8,UMRB Mesonet,-108.50241,46.96536,FALSE,FALSE,TRUE,TRUE,TRUE
BBMW4,UMRB Mesonet,-109.3083,44.4817,TRUE,TRUE,FALSE,FALSE,FALSE
BYMW4,UMRB Mesonet,-108.1332,43.3238,TRUE,TRUE,FALSE,FALSE,FALSE
CYMW4,UMRB Mesonet,-108.43242,44.92915,TRUE,TRUE,FALSE,FALSE,FALSE
DDMW4,UMRB Mesonet,-108.95152,43.23143,TRUE,TRUE,FALSE,FALSE,FALSE
PLMW4,UMRB Mesonet,-108.759,44.7764,TRUE,TRUE,FALSE,FALSE,FALSE
SHMW4,UMRB Mesonet,-106.839,44.8408,TRUE,TRUE,FALSE,FALSE,FALSE
WRMW4,UMRB Mesonet,-107.90498,44.00257,TRUE,TRUE,FALSE,FALSE,FALSE
ASAM8,UMRB Mesonet,-106.14318,45.57326,FALSE,FALSE,TRUE,TRUE,TRUE
BUSM8,UMRB Mesonet,-106.93155,45.51856,FALSE,FALSE,TRUE,TRUE,TRUE
FRGM8,UMRB Mesonet,-109.08885,47.10576,FALSE,FALSE,TRUE,TRUE,TRUE
LGGM8,UMRB Mesonet,-107.51536,45.3073,FALSE,FALSE,TRUE,TRUE,TRUE
LMDM8,UMRB Mesonet,-106.48794,45.65598,FALSE,FALSE,TRUE,TRUE,TRUE
LORM8,UMRB Mesonet,-107.87788,48.77156,FALSE,FALSE,TRUE,TRUE,TRUE
MOYM8,UMRB Mesonet,-107.92134,46.7823,FALSE,FALSE,TRUE,TRUE,TRUE
MSSM8,UMRB Mesonet,-108.02182,46.53997,FALSE,FALSE,TRUE,TRUE,TRUE
MTRM8,UMRB Mesonet,-108.33595,47.92644,FALSE,FALSE,TRUE,TRUE,TRUE
OTRM8,UMRB Mesonet,-105.9845,45.24692,FALSE,FALSE,TRUE,TRUE,TRUE
SASM8,UMRB Mesonet,-107.39124,48.29082,FALSE,FALSE,TRUE,TRUE,TRUE
SCYM8,UMRB Mesonet,-105.49718,48.8602,FALSE,FALSE,TRUE,TRUE,TRUE
TRNM8,UMRB Mesonet,-108.39366,48.87426,FALSE,FALSE,TRUE,TRUE,TRUE
VLTM8,UMRB Mesonet,-108.24377,47.35797,FALSE,FALSE,TRUE,TRUE,TRUE
WRHM8,UMRB Mesonet,-108.59132,47.14725,FALSE,FALSE,TRUE,TRUE,TRUE
RDMS2,UMRB Mesonet,-103.5495,45.3195,FALSE,FALSE,TRUE,TRUE,TRUE
SPMS2,UMRB Mesonet,-103.9164,44.5656,FALSE,FALSE,TRUE,TRUE,TRUE
DVDN8,UMRB Mesonet,-103.6971,46.5641,FALSE,FALSE,TRUE,TRUE,TRUE
HBNN8,UMRB Mesonet,-102.0759,46.8045,FALSE,FALSE,TRUE,TRUE,TRUE
MRNN8,UMRB Mesonet,-103.9373,46.3228,FALSE,FALSE,TRUE,TRUE,TRUE
NEDN8,UMRB Mesonet,-102.96803,46.52645,FALSE,FALSE,TRUE,TRUE,TRUE
PCDN8,UMRB Mesonet,-101.6123,47.4747,FALSE,FALSE,TRUE,TRUE,TRUE
SNRN8,UMRB Mesonet,-100.9891,47.1668,FALSE,FALSE,TRUE,TRUE,TRUE
WNGN8,UMRB Mesonet,-100.3303,47.2719,FALSE,FALSE,TRUE,TRUE,TRUE
MLMS2,UMRB Mesonet,-101.0909,44.0851,FALSE,FALSE,TRUE,TRUE,TRUE
FLDN8,UMRB Mesonet,-103.24321,47.12531,FALSE,FALSE,TRUE,TRUE,TRUE
LINN8,UMRB Mesonet,-100.28146,46.32716,FALSE,FALSE,TRUE,TRUE,TRUE
PKJN8,UMRB Mesonet,-103.6559,47.5025,FALSE,FALSE,TRUE,TRUE,TRUE
SHLN8,UMRB Mesonet,-102.07275,48.15001,FALSE,FALSE,TRUE,TRUE,TRUE
SLBN8,UMRB Mesonet,-103.79333,47.06694,FALSE,FALSE,TRUE,TRUE,TRUE
MCKN8,UMRB Mesonet,-100.38346,46.82221,FALSE,FALSE,TRUE,TRUE,TRUE
PTON8,UMRB Mesonet,-101.77054,46.15995,FALSE,FALSE,TRUE,TRUE,TRUE
YPLN8,UMRB Mesonet,-98.52323,46.77638,FALSE,FALSE,TRUE,TRUE,TRUE
BNWM8,UMRB Mesonet,-112.17275,47.30804,FALSE,FALSE,TRUE,TRUE,TRUE
NARN1,UMRB Mesonet,-99.138759,42.966264,FALSE,FALSE,TRUE,TRUE,TRUE
FRDN1,UMRB Mesonet,-97.398063,42.749287,FALSE,FALSE,TRUE,TRUE,TRUE
OHDN1,UMRB Mesonet,-98.261073,42.490732,FALSE,FALSE,TRUE,TRUE,TRUE
LYHN1,UMRB Mesonet,-98.5042,42.8407,FALSE,FALSE,TRUE,TRUE,TRUE
MEIN1,UMRB Mesonet,-101.72452,42.61576,FALSE,FALSE,TRUE,TRUE,TRUE
ESWN1,UMRB Mesonet,-102.16559,42.2794,FALSE,FALSE,TRUE,TRUE,TRUE
HUMW4,UMRB Mesonet,-104.6962,44.7389,FALSE,FALSE,TRUE,TRUE,TRUE
CRMW4,UMRB Mesonet,-104.8021,44.4485,FALSE,FALSE,TRUE,TRUE,TRUE
UPMW4,UMRB Mesonet,-104.63755,43.9643,FALSE,FALSE,TRUE,TRUE,TRUE
AVNW4,UMRB Mesonet,-104.5444,44.8605,FALSE,FALSE,TRUE,TRUE,TRUE
OSMW4,UMRB Mesonet,-104.3791,43.99378,FALSE,FALSE,TRUE,TRUE,TRUE
NCMW4,UMRB Mesonet,-104.2619,43.6662,FALSE,FALSE,TRUE,TRUE,TRUE
FCMW4,UMRB Mesonet,-104.2952,44.1959,FALSE,FALSE,TRUE,TRUE,TRUE
ALMW4,UMRB Mesonet,-104.2483,44.5871,FALSE,FALSE,TRUE,TRUE,TRUE
DTMW4,UMRB Mesonet,-105.014,44.713,FALSE,FALSE,TRUE,TRUE,TRUE
RKMW4,UMRB Mesonet,-104.8825,43.6795,FALSE,FALSE,TRUE,TRUE,TRUE
PMPN8,UMRB Mesonet,-103.35835,46.78142,FALSE,FALSE,TRUE,TRUE,TRUE
MNNN8,UMRB Mesonet,-102.8325,47.1925,FALSE,FALSE,TRUE,TRUE,TRUE
BDMW4,UMRB Mesonet,-105.0406,44.953,FALSE,FALSE,TRUE,TRUE,TRUE
PIMS2,UMRB Mesonet,-99.9997,44.3541,FALSE,FALSE,TRUE,TRUE,TRUE
WRHN8,UMRB Mesonet,-99.06591,46.14316,FALSE,FALSE,TRUE,TRUE,TRUE
PKMS2,UMRB Mesonet,-97.0793,43.4885,FALSE,FALSE,TRUE,TRUE,TRUE
LIVN8,UMRB Mesonet,-100.56771,46.43594,FALSE,FALSE,TRUE,TRUE,TRUE
GRMS2,UMRB Mesonet,-99.439,43.4642,FALSE,FALSE,TRUE,TRUE,TRUE
MDMS2,UMRB Mesonet,-97.0898,43.9146,FALSE,FALSE,TRUE,TRUE,TRUE
CDLN8,UMRB Mesonet,-103.02859,46.28376,FALSE,FALSE,TRUE,TRUE,TRUE
LEFN8,UMRB Mesonet,-102.38507,46.58835,FALSE,FALSE,TRUE,TRUE,TRUE
DTMS2,UMRB Mesonet,-97.5325,44.4951,FALSE,FALSE,TRUE,TRUE,TRUE
ELIN8,UMRB Mesonet,-101.9858,46.5013,FALSE,FALSE,TRUE,TRUE,TRUE
RHMS2,UMRB Mesonet,-98.7965,44.8224,FALSE,FALSE,TRUE,TRUE,TRUE
SNMS2,UMRB Mesonet,-102.442,43.7574,FALSE,FALSE,TRUE,TRUE,TRUE
HSMS2,UMRB Mesonet,-102.9225,43.7387,FALSE,FALSE,TRUE,TRUE,TRUE
MATS2,UMRB Mesonet,-101.6511,43.1992,FALSE,FALSE,TRUE,TRUE,TRUE
MXAN8,UMRB Mesonet,-101.31472,47.87,FALSE,FALSE,TRUE,TRUE,TRUE
LBTN8,UMRB Mesonet,-102.21621,47.91428,FALSE,FALSE,TRUE,TRUE,TRUE
MBMS2,UMRB Mesonet,-102.7539,44.9196,FALSE,FALSE,TRUE,TRUE,TRUE
UCMS2,UMRB Mesonet,-102.8964,44.7047,FALSE,FALSE,TRUE,TRUE,TRUE
NSLN8,UMRB Mesonet,-101.34194,46.76778,FALSE,FALSE,TRUE,TRUE,TRUE
WGMS2,UMRB Mesonet,-98.7614,44.4592,FALSE,FALSE,TRUE,TRUE,TRUE
HMMS2,UMRB Mesonet,-99.4144,44.8572,FALSE,FALSE,TRUE,TRUE,TRUE
KDMS2,UMRB Mesonet,-101.5915,43.874,FALSE,FALSE,TRUE,TRUE,TRUE
ZPPN8,UMRB Mesonet,-101.97136,47.43673,FALSE,FALSE,TRUE,TRUE,TRUE
PCKN8,UMRB Mesonet,-100.67296,47.41536,FALSE,FALSE,TRUE,TRUE,TRUE
HDFN8,UMRB Mesonet,-99.93723,47.45111,FALSE,FALSE,TRUE,TRUE,TRUE
BMRN8,UMRB Mesonet,-99.31836,47.74575,FALSE,FALSE,TRUE,TRUE,TRUE
HOFN8,UMRB Mesonet,-103.10819,48.16443,FALSE,FALSE,TRUE,TRUE,TRUE
BFDN8,UMRB Mesonet,-103.92594,47.97074,FALSE,FALSE,TRUE,TRUE,TRUE
STYN8,UMRB Mesonet,-102.4652,48.1961,FALSE,FALSE,TRUE,TRUE,TRUE
POLN8,UMRB Mesonet,-102.56083,48.48417,FALSE,FALSE,TRUE,TRUE,TRUE
CHMS2,UMRB Mesonet,-101.3658,44.7079,FALSE,FALSE,TRUE,TRUE,TRUE
LPMS2,UMRB Mesonet,-100.673,45.1456,FALSE,FALSE,TRUE,TRUE,TRUE
ISMS2,UMRB Mesonet,-101.4924,45.3863,FALSE,FALSE,TRUE,TRUE,TRUE
LTMS2,UMRB Mesonet,-101.4844,45.0871,FALSE,FALSE,TRUE,TRUE,TRUE
CCMS2,UMRB Mesonet,-104.0168,45.4235,FALSE,FALSE,TRUE,TRUE,TRUE
HLMS2,UMRB Mesonet,-97.17166,43.23507,FALSE,FALSE,TRUE,TRUE,TRUE
CGMW4,UMRB Mesonet,-104.25466,44.95865,FALSE,FALSE,TRUE,TRUE,TRUE
CMMW4,UMRB Mesonet,-106.44363,44.00906,FALSE,FALSE,TRUE,TRUE,TRUE
DCMW4,UMRB Mesonet,-105.13755,43.28535,FALSE,FALSE,TRUE,TRUE,TRUE
CLMW4,UMRB Mesonet,-106.1102,44.5263,FALSE,FALSE,TRUE,TRUE,TRUE
RRMW4,UMRB Mesonet,-105.88865,43.41376,FALSE,FALSE,TRUE,TRUE,TRUE
WHUN1,UMRB Mesonet,-103.31791,42.74225,FALSE,FALSE,TRUE,TRUE,TRUE
HSUN1,UMRB Mesonet,-102.90947,42.61461,FALSE,FALSE,TRUE,TRUE,TRUE
MAUN1,UMRB Mesonet,-103.33128,42.35566,FALSE,FALSE,TRUE,TRUE,TRUE
GONN1,UMRB Mesonet,-102.0689,42.64832,FALSE,FALSE,TRUE,TRUE,TRUE
HAUN1,UMRB Mesonet,-103.89799,42.66399,FALSE,FALSE,TRUE,TRUE,TRUE
RSVN1,UMRB Mesonet,-102.43749,42.71207,FALSE,FALSE,TRUE,TRUE,TRUE
ALUN1,UMRB Mesonet,-102.89401,42.05799,FALSE,FALSE,TRUE,TRUE,TRUE
HSPN1,UMRB Mesonet,-102.6489,42.36969,FALSE,FALSE,TRUE,TRUE,TRUE
HEUN1,UMRB Mesonet,-102.93946,42.40871,FALSE,FALSE,TRUE,TRUE,TRUE
EGBS2,UMRB Mesonet,-101.07714,45.02386,FALSE,FALSE,TRUE,TRUE,TRUE
BSEM8,UMRB Mesonet,-110.03595,48.03403,FALSE,FALSE,TRUE,TRUE,TRUE
BSWM8,UMRB Mesonet,-110.32165,48.24156,FALSE,FALSE,TRUE,TRUE,TRUE
BUFM8,UMRB Mesonet,-112.65625,48.85363,FALSE,FALSE,TRUE,TRUE,TRUE
CNNM8,UMRB Mesonet,-111.92398,48.30707,FALSE,FALSE,TRUE,TRUE,TRUE
CRNM8,UMRB Mesonet,-110.99302,48.02231,FALSE,FALSE,TRUE,TRUE,TRUE
CSTM8,UMRB Mesonet,-109.52066,47.4245,FALSE,FALSE,TRUE,TRUE,TRUE
DOGM8,UMRB Mesonet,-113.06213,48.37776,FALSE,FALSE,TRUE,TRUE,TRUE
DRYM8,UMRB Mesonet,-108.64159,48.0419,FALSE,FALSE,TRUE,TRUE,TRUE
FOXM8,UMRB Mesonet,-110.74849,48.89941,FALSE,FALSE,TRUE,TRUE,TRUE
HIWM8,UMRB Mesonet,-110.89959,47.68476,FALSE,FALSE,TRUE,TRUE,TRUE
HOGM8,UMRB Mesonet,-108.78024,48.81634,FALSE,FALSE,TRUE,TRUE,TRUE
INNM8,UMRB Mesonet,-110.70967,48.71885,FALSE,FALSE,TRUE,TRUE,TRUE
ISSM8,UMRB Mesonet,-110.71257,48.37537,FALSE,FALSE,TRUE,TRUE,TRUE
JGPM8,UMRB Mesonet,-109.76837,46.71887,FALSE,FALSE,TRUE,TRUE,TRUE
LOAM8,UMRB Mesonet,-110.49169,47.95366,FALSE,FALSE,TRUE,TRUE,TRUE
LTBM8,UMRB Mesonet,-109.6417,48.746,FALSE,FALSE,TRUE,TRUE,TRUE
MINM8,UMRB Mesonet,-112.63338,48.52725,FALSE,FALSE,TRUE,TRUE,TRUE
MTLM8,UMRB Mesonet,-111.03753,48.85226,FALSE,FALSE,TRUE,TRUE,TRUE
SBSM8,UMRB Mesonet,-112.02219,48.91505,FALSE,FALSE,TRUE,TRUE,TRUE
WETM8,UMRB Mesonet,-113.11848,48.77951,FALSE,FALSE,TRUE,TRUE,TRUE
WNFM8,UMRB Mesonet,-109.2019,47.7319,FALSE,FALSE,TRUE,TRUE,TRUE
GWMS2,UMRB Mesonet,-100.2423,45.0057,FALSE,FALSE,TRUE,TRUE,TRUE
HRMS2,UMRB Mesonet,-100.0909,45.8664,FALSE,FALSE,TRUE,TRUE,TRUE
SVYM8,UMRB Mesonet,-108.5907,48.417,FALSE,FALSE,TRUE,TRUE,TRUE
BDEM8,UMRB Mesonet,-105.25889,48.55058,FALSE,FALSE,TRUE,TRUE,TRUE
BNGM8,UMRB Mesonet,-108.49062,45.62588,FALSE,FALSE,TRUE,TRUE,TRUE
FTKM8,UMRB Mesonet,-104.77125,48.22337,FALSE,FALSE,TRUE,TRUE,TRUE
LLNM8,UMRB Mesonet,-106.24298,48.52674,FALSE,FALSE,TRUE,TRUE,TRUE
MBYM8,UMRB Mesonet,-107.65106,46.93618,FALSE,FALSE,TRUE,TRUE,TRUE
MEDM8,UMRB Mesonet,-104.73097,48.51998,FALSE,FALSE,TRUE,TRUE,TRUE
NUAM8,UMRB Mesonet,-106.32129,48.19608,FALSE,FALSE,TRUE,TRUE,TRUE
OHMM8,UMRB Mesonet,-106.38619,48.78782,FALSE,FALSE,TRUE,TRUE,TRUE
PARM8,UMRB Mesonet,-105.21641,48.17849,FALSE,FALSE,TRUE,TRUE,TRUE
SDLM8,UMRB Mesonet,-110.15675,45.74655,FALSE,FALSE,TRUE,TRUE,TRUE
TAMM8,UMRB Mesonet,-106.85091,48.36463,FALSE,FALSE,TRUE,TRUE,TRUE
VOTM8,UMRB Mesonet,-105.66213,48.54228,FALSE,FALSE,TRUE,TRUE,TRUE
WOFM8,UMRB Mesonet,-105.73792,48.17452,FALSE,FALSE,TRUE,TRUE,TRUE
ACMS2,UMRB Mesonet,-99.0929,43.4992,FALSE,FALSE,TRUE,TRUE,TRUE
AVMS2,UMRB Mesonet,-98.0002,43.0096,FALSE,FALSE,TRUE,TRUE,TRUE
CGMS2,UMRB Mesonet,-97.6605,44.1673,FALSE,FALSE,TRUE,TRUE,TRUE
GLOM8,UMRB Mesonet,-106.74891,48.1244,FALSE,FALSE,TRUE,TRUE,TRUE
AWMS2,UMRB Mesonet,-98.6834,45.4054,FALSE,FALSE,TRUE,TRUE,TRUE
BDMS2,UMRB Mesonet,-98.2781,45.1544,FALSE,FALSE,TRUE,TRUE,TRUE
RDFS2,UMRB Mesonet,-98.4066,44.8859,FALSE,FALSE,TRUE,TRUE,TRUE
1011,USCRN,-111.16,32.23,TRUE,FALSE,FALSE,TRUE,FALSE
1010,USCRN,-110.5,31.59,TRUE,TRUE,FALSE,FALSE,FALSE
1590,USCRN,-114.18,32.83,TRUE,FALSE,FALSE,TRUE,FALSE
1613,USCRN,-112.33,35.75,TRUE,FALSE,FALSE,TRUE,FALSE
SNTL:1121,SNTL,-111.74479,35.26773,TRUE,TRUE,FALSE,FALSE,FALSE
SNTL:1125,SNTL,-111.50868,34.96942,TRUE,TRUE,FALSE,FALSE,FALSE
SCAN:2026,SCAN,-110.05,31.73333,TRUE,TRUE,FALSE,FALSE,FALSE
SNTL:308,SNTL,-111.40651,34.456540000000004,TRUE,TRUE,FALSE,FALSE,FALSE
SNTL:1140,SNTL,-111.38262,34.45551999999999,TRUE,TRUE,FALSE,FALSE,FALSE
SNTL:310,SNTL,-109.50357,33.97845,TRUE,TRUE,FALSE,FALSE,FALSE
SNTL:1212,SNTL,-111.60497,34.86142,TRUE,TRUE,FALSE,FALSE,FALSE
SNTL:969,SNTL,-111.41219,34.74594,TRUE,TRUE,FALSE,FALSE,FALSE
SNTL:1139,SNTL,-112.06221,35.26238,TRUE,TRUE,FALSE,FALSE,FALSE
SNTL:640,SNTL,-111.51864,34.94141,TRUE,TRUE,FALSE,FALSE,FALSE
SNTL:861,SNTL,-112.14966,35.141890000000004,TRUE,TRUE,FALSE,FALSE,FALSE
SNTL:1271,SNTL,-109.76531,33.97121,TRUE,TRUE,FALSE,FALSE,FALSE
1129,USCRN,-91.78,35.81999999999999,TRUE,TRUE,FALSE,FALSE,FALSE
SCAN:2083,SCAN,-92.02632,34.25188,TRUE,TRUE,FALSE,FALSE,FALSE
SCAN:2091,SCAN,-91.35017,34.27788,TRUE,TRUE,FALSE,FALSE,FALSE
SCAN:2090,SCAN,-92.92462,35.20842,TRUE,TRUE,FALSE,FALSE,FALSE
SCAN:2030,SCAN,-91.88333,34.85,TRUE,TRUE,FALSE,FALSE,FALSE
SCAN:2084,SCAN,-90.81769,34.7849,TRUE,TRUE,FALSE,FALSE,FALSE
SCAN:2085,SCAN,-90.45031,35.27732,TRUE,TRUE,FALSE,FALSE,FALSE
1015,USCRN,-122.6,40.65,TRUE,TRUE,FALSE,FALSE,FALSE
1105,USCRN,-117.14,36.6,TRUE,FALSE,FALSE,TRUE,FALSE
1508,USCRN,-119.82,37.75,TRUE,TRUE,FALSE,FALSE,FALSE
1528,USCRN,-117.18999999999998,33.43,TRUE,FALSE,FALSE,TRUE,FALSE
1529,USCRN,-119.87,34.41,FALSE,FALSE,TRUE,TRUE,TRUE
1050,USCRN,-120.87999999999998,37.23,TRUE,TRUE,FALSE,FALSE,FALSE
1531,USCRN,-123.07,38.31999999999999,TRUE,TRUE,FALSE,FALSE,FALSE
SNTL:1051,SNTL,-119.89419999999998,38.71943,TRUE,TRUE,FALSE,FALSE,FALSE
SCAN:2189,SCAN,-119.59608,35.11807,TRUE,TRUE,FALSE,FALSE,FALSE
SCAN:2190,SCAN,-116.35132,36.32502,TRUE,TRUE,FALSE,FALSE,FALSE
SCAN:2187,SCAN,-117.97383000000002,37.37222,TRUE,TRUE,FALSE,FALSE,FALSE
SCAN:2183,SCAN,-115.30505,33.80208,TRUE,TRUE,FALSE,FALSE,FALSE
SCAN:2191,SCAN,-118.82643,37.63423,TRUE,TRUE,FALSE,FALSE,FALSE
SCAN:2192,SCAN,-120.72472,40.6175,TRUE,TRUE,FALSE,FALSE,FALSE
SCAN:2185,SCAN,-115.16692999999998,34.67235,TRUE,TRUE,FALSE,FALSE,FALSE
SNTL:473,SNTL,-120.0545,38.93403,TRUE,TRUE,FALSE,FALSE,FALSE
SNTL:1049,SNTL,-119.9597,38.68245,TRUE,TRUE,FALSE,FALSE,FALSE
SNTL:508,SNTL,-119.9374,38.8519,TRUE,TRUE,FALSE,FALSE,FALSE
SNTL:518,SNTL,-119.91641,38.92431,TRUE,TRUE,FALSE,FALSE,FALSE
SNTL:1050,SNTL,-119.88732000000002,38.83652,TRUE,TRUE,FALSE,FALSE,FALSE
SNTL:539,SNTL,-120.29367,39.45269,TRUE,TRUE,FALSE,FALSE,FALSE
SNTL:540,SNTL,-120.28226,39.49001,TRUE,TRUE,FALSE,FALSE,FALSE
SNTL:541,SNTL,-120.31341999999998,39.42752,TRUE,TRUE,FALSE,FALSE,FALSE
SNTL:574,SNTL,-119.61281,38.27593999999999,TRUE,TRUE,FALSE,FALSE,FALSE
SCAN:2149,SCAN,-118.4209,37.77767,TRUE,TRUE,FALSE,FALSE,FALSE
SNTL:633,SNTL,-119.60869999999998,38.6683,TRUE,TRUE,FALSE,FALSE,FALSE
SNTL:784,SNTL,-120.26576,39.18986000000001,TRUE,TRUE,FALSE,FALSE,FALSE
SNTL:724,SNTL,-120.13139,38.99927,TRUE,TRUE,FALSE,FALSE,FALSE
SCAN:2186,SCAN,-115.71510000000002,35.466069999999995,TRUE,TRUE,FALSE,FALSE,FALSE
SNTL:778,SNTL,-119.81741,38.66627,TRUE,TRUE,FALSE,FALSE,FALSE
SNTL:1052,SNTL,-119.53522,38.39747,TRUE,TRUE,FALSE,FALSE,FALSE
SNTL:834,SNTL,-120.18407000000002,39.30087,TRUE,TRUE,FALSE,FALSE,FALSE
SNTL:846,SNTL,-119.23433,38.07298000000001,TRUE,TRUE,FALSE,FALSE,FALSE
SNTL:848,SNTL,-120.21865,39.13545,TRUE,TRUE,FALSE,FALSE,FALSE
SNTL:1277,SNTL,-120.60805,40.68799,TRUE,TRUE,FALSE,FALSE,FALSE
SCAN:2214,SCAN,-120.6872,41.05204,TRUE,TRUE,FALSE,FALSE,FALSE
SNTL:356,SNTL,-119.92455,38.60801,TRUE,TRUE,FALSE,FALSE,FALSE
SCAN:2215,SCAN,-119.12645,38.26477,TRUE,TRUE,FALSE,FALSE,FALSE
SNTL:1067,SNTL,-120.00220000000002,38.692699999999995,TRUE,TRUE,FALSE,FALSE,FALSE
SNTL:575,SNTL,-119.55111,38.30367,TRUE,TRUE,FALSE,FALSE,FALSE
SNTL:428,SNTL,-120.36807,39.32565000000001,TRUE,TRUE,FALSE,FALSE,FALSE
SNTL:809,SNTL,-120.15362,39.17162,TRUE,TRUE,FALSE,FALSE,FALSE
SNTL:462,SNTL,-119.80468,38.5497,TRUE,TRUE,FALSE,FALSE,FALSE
SNTL:463,SNTL,-120.0795,38.849,TRUE,TRUE,FALSE,FALSE,FALSE
SCAN:2184,SCAN,-115.09763,33.654700000000005,TRUE,TRUE,FALSE,FALSE,FALSE
SCAN:2218,SCAN,-122.55083,40.79361000000001,TRUE,TRUE,FALSE,FALSE,FALSE
SNTL:587,SNTL,-119.36572,38.43745,TRUE,TRUE,FALSE,FALSE,FALSE
SCAN:2219,SCAN,-119.47831,34.97018,TRUE,TRUE,FALSE,FALSE,FALSE
SNTL:1258,SNTL,-120.71574,41.98609,TRUE,TRUE,FALSE,FALSE,FALSE
SCAN:2217,SCAN,-120.55463,36.54417,TRUE,TRUE,FALSE,FALSE,FALSE
SNTL:697,SNTL,-119.62624,38.50576,TRUE,TRUE,FALSE,FALSE,FALSE
SNTL:771,SNTL,-119.6003,38.31021,TRUE,TRUE,FALSE,FALSE,FALSE
1109,USCRN,-107.69,38.54,TRUE,TRUE,FALSE,FALSE,FALSE
1232,USCRN,-108.5,37.25,TRUE,TRUE,FALSE,FALSE,FALSE
1110,USCRN,-103.82,37.86,TRUE,TRUE,FALSE,FALSE,FALSE
1014,USCRN,-104.75,40.8,TRUE,TRUE,FALSE,FALSE,FALSE
1045,USCRN,-105.54,40.03,TRUE,FALSE,FALSE,TRUE,FALSE
1108,USCRN,-108.96,40.24,TRUE,TRUE,FALSE,FALSE,FALSE
SNTL:387,SNTL,-107.80287,37.657509999999995,TRUE,TRUE,FALSE,FALSE,FALSE
SNTL:1059,SNTL,-106.5988,38.16273,TRUE,TRUE,FALSE,FALSE,FALSE
SNTL:485,SNTL,-106.19784,39.38013999999999,TRUE,TRUE,FALSE,FALSE,FALSE
SNTL:505,SNTL,-105.8694,39.64645999999999,TRUE,TRUE,FALSE,FALSE,FALSE
SNTL:935,SNTL,-105.80355,39.57096,TRUE,TRUE,FALSE,FALSE,FALSE
SNTL:586,SNTL,-107.92475,37.79895,TRUE,TRUE,FALSE,FALSE,FALSE
SNTL:914,SNTL,-105.43666,37.85191999999999,TRUE,TRUE,FALSE,FALSE,FALSE
SNTL:1014,SNTL,-106.02802,39.79565000000001,TRUE,TRUE,FALSE,FALSE,FALSE
SCAN:2017,SCAN,-104.74033,40.85989,TRUE,TRUE,FALSE,FALSE,FALSE
SNTL:682,SNTL,-107.87951,39.04433000000001,TRUE,TRUE,FALSE,FALSE,FALSE
SNTL:688,SNTL,-105.84606,40.39803,TRUE,TRUE,FALSE,FALSE,FALSE
SNTL:701,SNTL,-106.33967,38.48864,TRUE,TRUE,FALSE,FALSE,FALSE
SNTL:737,SNTL,-107.04933,39.01467000000001,TRUE,TRUE,FALSE,FALSE,FALSE
SNTL:1141,SNTL,-106.74504,38.99070999999999,TRUE,TRUE,FALSE,FALSE,FALSE
SNTL:1030,SNTL,-106.38141,40.35098,TRUE,TRUE,FALSE,FALSE,FALSE
SNTL:335,SNTL,-105.77786,39.80364,TRUE,TRUE,FALSE,FALSE,FALSE
SNTL:1187,SNTL,-105.75472,40.03589999999999,TRUE,TRUE,FALSE,FALSE,FALSE
SNTL:1185,SNTL,-108.18376,37.78968,TRUE,TRUE,FALSE,FALSE,FALSE
SNTL:369,SNTL,-106.54231,39.08758,TRUE,TRUE,FALSE,FALSE,FALSE
SNTL:938,SNTL,-106.11316,39.30378,TRUE,TRUE,FALSE,FALSE,FALSE
SNTL:939,SNTL,-106.08063,39.02611,TRUE,TRUE,FALSE,FALSE,FALSE
SNTL:378,SNTL,-107.59902,39.87504,TRUE,TRUE,FALSE,FALSE,FALSE
SNTL:380,SNTL,-106.95327,38.89435,TRUE,TRUE,FALSE,FALSE,FALSE
SNTL:457,SNTL,-106.7814,40.5337,TRUE,TRUE,FALSE,FALSE,FALSE
SNTL:1251,SNTL,-105.58486,40.13632,TRUE,TRUE,FALSE,FALSE,FALSE
SNTL:415,SNTL,-106.17154,39.48917,TRUE,TRUE,FALSE,FALSE,FALSE
SCAN:2197,SCAN,-104.71068,40.822799999999994,TRUE,TRUE,FALSE,FALSE,FALSE
SNTL:430,SNTL,-105.19988,37.20939,TRUE,TRUE,FALSE,FALSE,FALSE
SNTL:607,SNTL,-106.67095,40.07832,TRUE,TRUE,FALSE,FALSE,FALSE
SNTL:793,SNTL,-105.9198,40.22532,TRUE,TRUE,FALSE,FALSE,FALSE
SNTL:802,SNTL,-106.1577,39.71802999999999,TRUE,TRUE,FALSE,FALSE,FALSE
SNTL:937,SNTL,-105.91072,39.43579,TRUE,TRUE,FALSE,FALSE,FALSE
SNTL:589,SNTL,-108.19636,37.89169,TRUE,TRUE,FALSE,FALSE,FALSE
SNTL:580,SNTL,-106.54823,37.38028,TRUE,TRUE,FALSE,FALSE,FALSE
SNTL:1033,SNTL,-106.59544,40.79492,TRUE,TRUE,FALSE,FALSE,FALSE
SNTL:531,SNTL,-106.05999,39.36092,TRUE,TRUE,FALSE,FALSE,FALSE
SNTL:970,SNTL,-105.90655,39.7645,TRUE,TRUE,FALSE,FALSE,FALSE
SNTL:1060,SNTL,-108.11405,37.50356,TRUE,TRUE,FALSE,FALSE,FALSE
SNTL:1123,SNTL,-105.7654,40.51154,TRUE,TRUE,FALSE,FALSE,FALSE
SNTL:762,SNTL,-107.20392,37.99076,TRUE,TRUE,FALSE,FALSE,FALSE
SNTL:940,SNTL,-106.74833,40.81557,TRUE,TRUE,FALSE,FALSE,FALSE
SNTL:839,SNTL,-107.25971,37.72172,TRUE,TRUE,FALSE,FALSE,FALSE
SNTL:840,SNTL,-106.83528,37.48563,TRUE,TRUE,FALSE,FALSE,FALSE
SNTL:857,SNTL,-105.12262,37.21423,TRUE,TRUE,FALSE,FALSE,FALSE
SNTL:1042,SNTL,-105.6025,40.201,TRUE,TRUE,FALSE,FALSE,FALSE
SNTL:874,SNTL,-106.80234,37.47903,TRUE,TRUE,FALSE,FALSE,FALSE
SNTL:680,SNTL,-106.58962,38.81982,TRUE,TRUE,FALSE,FALSE,FALSE
1032,USCRN,-84.47,31.31,TRUE,TRUE,FALSE,FALSE,FALSE
1033,USCRN,-84.44,31.19,TRUE,TRUE,FALSE,FALSE,FALSE
1111,USCRN,-83.38,33.78,TRUE,TRUE,FALSE,FALSE,FALSE
SCAN:2027,SCAN,-83.55,31.499999999999993,TRUE,TRUE,FALSE,FALSE,FALSE
SCAN:2013,SCAN,-83.43333,33.88333,TRUE,TRUE,FALSE,FALSE,FALSE
1037,USCRN,-88.37000000000002,40.05,TRUE,TRUE,FALSE,FALSE,FALSE
1038,USCRN,-88.85,41.84,TRUE,TRUE,FALSE,FALSE,FALSE
SCAN:2004,SCAN,-89.9,40.31667,TRUE,TRUE,FALSE,FALSE,FALSE
1510,USCRN,-86.57,38.88000000000001,TRUE,TRUE,FALSE,FALSE,FALSE
1013,USCRN,-91.87,30.090000000000003,TRUE,TRUE,FALSE,FALSE,FALSE
1012,USCRN,-92.11,32.88,TRUE,TRUE,FALSE,FALSE,FALSE
1039,USCRN,-95.87,48.3,TRUE,TRUE,FALSE,FALSE,FALSE
1447,USCRN,-92.99,46.11,TRUE,TRUE,FALSE,FALSE,FALSE
SCAN:2002,SCAN,-93.95,45.41667,TRUE,TRUE,FALSE,FALSE,FALSE
SCAN:2050,SCAN,-96.26667,47.71667000000001,TRUE,TRUE,FALSE,FALSE,FALSE
1570,USCRN,-89.43,34.82,TRUE,TRUE,FALSE,FALSE,FALSE
1036,USCRN,-89.07,32.330000000000005,TRUE,TRUE,FALSE,FALSE,FALSE
SCAN:2032,SCAN,-90.65,33.38333000000001,TRUE,TRUE,FALSE,FALSE,FALSE
SCAN:2024,SCAN,-89.86667,34.25,TRUE,TRUE,FALSE,FALSE,FALSE
SCAN:2025,SCAN,-89.9,34.23333,TRUE,TRUE,FALSE,FALSE,FALSE
SCAN:2110,SCAN,-90.51989,32.86153,TRUE,TRUE,FALSE,FALSE,FALSE
SCAN:2087,SCAN,-91.05993,32.9972,TRUE,TRUE,FALSE,FALSE,FALSE
SCAN:2033,SCAN,-90.94208,32.75358000000001,TRUE,TRUE,FALSE,FALSE,FALSE
SCAN:2046,SCAN,-90.90496,33.97370000000001,TRUE,TRUE,FALSE,FALSE,FALSE
SCAN:2109,SCAN,-90.57297,33.65910999999999,TRUE,TRUE,FALSE,FALSE,FALSE
SCAN:2070,SCAN,-91.10184,33.61962,TRUE,TRUE,FALSE,FALSE,FALSE
SCAN:2086,SCAN,-90.51151,33.0875,TRUE,TRUE,FALSE,FALSE,FALSE
SCAN:2064,SCAN,-88.78051,33.47094,TRUE,TRUE,FALSE,FALSE,FALSE
SCAN:2082,SCAN,-88.74162,30.4712,TRUE,TRUE,FALSE,FALSE,FALSE
SCAN:2034,SCAN,-90.41142,34.6764,TRUE,TRUE,FALSE,FALSE,FALSE
SCAN:2035,SCAN,-90.35843,34.06301,TRUE,TRUE,FALSE,FALSE,FALSE
1046,USCRN,-113.43,48.74000000000001,TRUE,FALSE,FALSE,TRUE,FALSE
1468,USCRN,-113,45.15,TRUE,FALSE,FALSE,TRUE,FALSE
1612,USCRN,-110.28,46.88000000000001,TRUE,TRUE,FALSE,FALSE,FALSE
1002,USCRN,-105.2,48.48,TRUE,TRUE,FALSE,FALSE,FALSE
1001,USCRN,-105.1,48.29999999999999,TRUE,TRUE,FALSE,FALSE,FALSE
SNTL:349,SNTL,-113.43095,46.414,TRUE,TRUE,FALSE,FALSE,FALSE
SCAN:2117,SCAN,-111.92363,48.30453,TRUE,TRUE,FALSE,FALSE,FALSE
SCAN:2019,SCAN,-109.8,48.48333,TRUE,TRUE,FALSE,FALSE,FALSE
SCAN:2121,SCAN,-107.12731,47.522,TRUE,TRUE,FALSE,FALSE,FALSE
SNTL:568,SNTL,-111.82498,44.58907000000001,FALSE,FALSE,TRUE,TRUE,TRUE
SNTL:578,SNTL,-110.96625,45.50410000000001,FALSE,TRUE,TRUE,FALSE,FALSE
SCAN:581,SCAN,-105.18702,47.21415,TRUE,TRUE,FALSE,FALSE,FALSE
SCAN:2119,SCAN,-109.95082,47.05818,TRUE,TRUE,FALSE,FALSE,FALSE
SCAN:2120,SCAN,-104.247,47.77102,TRUE,TRUE,FALSE,FALSE,FALSE
SNTL:781,SNTL,-110.62165,46.77962000000001,FALSE,FALSE,TRUE,TRUE,TRUE
SCAN:808,SCAN,-111.58655,45.80272,TRUE,TRUE,FALSE,FALSE,FALSE
SCAN:2118,SCAN,-111.18423,48.43578000000001,TRUE,TRUE,FALSE,FALSE,FALSE
SNTL:862,SNTL,-109.90987,45.04575,TRUE,TRUE,FALSE,FALSE,FALSE
SNTL:903,SNTL,-112.50787,46.84234,FALSE,TRUE,TRUE,FALSE,FALSE
SNTL:594,SNTL,-115.70457,47.45749,TRUE,TRUE,FALSE,FALSE,FALSE
SNTL:835,SNTL,-114.44755,46.14287,TRUE,TRUE,FALSE,FALSE,FALSE
SNTL:783,SNTL,-114.33371,47.179019999999994,TRUE,TRUE,FALSE,FALSE,FALSE
1020,USCRN,-106.88,34.35,TRUE,TRUE,FALSE,FALSE,FALSE
1138,USCRN,-106.52,35.85,TRUE,TRUE,FALSE,FALSE,FALSE
1307,USCRN,-106.74,32.61,TRUE,TRUE,FALSE,FALSE,FALSE
SCAN:2015,SCAN,-105.41667,34.25,TRUE,TRUE,FALSE,FALSE,FALSE
SCAN:2172,SCAN,-106.05668,36.0908,TRUE,TRUE,FALSE,FALSE,FALSE
SCAN:2107,SCAN,-103.242,33.53513,TRUE,TRUE,FALSE,FALSE,FALSE
SNTL:921,SNTL,-105.80584,35.7073,TRUE,TRUE,FALSE,FALSE,FALSE
SNTL:532,SNTL,-106.2637,36.71632,TRUE,TRUE,FALSE,FALSE,FALSE
SCAN:2168,SCAN,-106.69997,32.55660000000001,TRUE,TRUE,FALSE,FALSE,FALSE
SCAN:2169,SCAN,-106.76288,34.771499999999996,TRUE,TRUE,FALSE,FALSE,FALSE
SNTL:922,SNTL,-105.78487,35.77154,TRUE,TRUE,FALSE,FALSE,FALSE
SCAN:2171,SCAN,-106.69127,34.35813000000001,TRUE,TRUE,FALSE,FALSE,FALSE
SNTL:1083,SNTL,-105.52706,36.1279,TRUE,TRUE,FALSE,FALSE,FALSE
SNTL:1017,SNTL,-106.81361,36.02653,TRUE,TRUE,FALSE,FALSE,FALSE
SNTL:854,SNTL,-105.54337,35.77584,TRUE,TRUE,FALSE,FALSE,FALSE
SCAN:2108,SCAN,-103.63097,33.53382,TRUE,TRUE,FALSE,FALSE,FALSE
SNTL:715,SNTL,-105.34145,36.69935,TRUE,TRUE,FALSE,FALSE,FALSE
SNTL:1169,SNTL,-105.2392,36.787650000000006,TRUE,TRUE,FALSE,FALSE,FALSE
SNTL:1138,SNTL,-108.94556,36.17716,TRUE,TRUE,FALSE,FALSE,FALSE
SNTL:491,SNTL,-105.55742,36.19418,TRUE,TRUE,FALSE,FALSE,FALSE
SNTL:1173,SNTL,-106.54805,36.00469,TRUE,TRUE,FALSE,FALSE,FALSE
SNTL:1170,SNTL,-105.33038,36.40869,TRUE,TRUE,FALSE,FALSE,FALSE
SNTL:744,SNTL,-106.83408,36.001520000000006,TRUE,TRUE,FALSE,FALSE,FALSE
SNTL:1034,SNTL,-105.79467,33.40682,TRUE,TRUE,FALSE,FALSE,FALSE
SNTL:708,SNTL,-106.39179,35.92195,TRUE,TRUE,FALSE,FALSE,FALSE
SNTL:1254,SNTL,-105.62949,36.07196,TRUE,TRUE,FALSE,FALSE,FALSE
SNTL:1168,SNTL,-105.45617,36.58195,TRUE,TRUE,FALSE,FALSE,FALSE
1611,USCRN,-99.47,46.77,TRUE,FALSE,FALSE,TRUE,FALSE
1139,USCRN,-103.37,46.89,TRUE,FALSE,FALSE,TRUE,FALSE
1235,USCRN,-102.17,48.96,TRUE,TRUE,FALSE,FALSE,FALSE
SCAN:2020,SCAN,-100.91667,46.76667,TRUE,TRUE,FALSE,FALSE,FALSE
1068,USCRN,-101.59,36.59,TRUE,TRUE,FALSE,FALSE,FALSE
1772,USCRN,-101.6,36.56,TRUE,TRUE,FALSE,FALSE,FALSE
1005,USCRN,-97.09,36.11,TRUE,TRUE,FALSE,FALSE,FALSE
1006,USCRN,-97.1,36.13,TRUE,TRUE,FALSE,FALSE,FALSE
SCAN:2022,SCAN,-98.01667,35.55,TRUE,TRUE,FALSE,FALSE,FALSE
1123,USCRN,-75.78,39.85000000000001,TRUE,TRUE,FALSE,FALSE,FALSE
SCAN:2028,SCAN,-76.66667,40.66667,TRUE,TRUE,FALSE,FALSE,FALSE
SCAN:2036,SCAN,-77.93333,40.71667,TRUE,TRUE,FALSE,FALSE,FALSE
1121,USCRN,-85.13,36.01,TRUE,TRUE,FALSE,FALSE,FALSE
SCAN:2076,SCAN,-86.8938,35.0747,TRUE,TRUE,FALSE,FALSE,FALSE
SCAN:2077,SCAN,-86.19113,35.13905,TRUE,TRUE,FALSE,FALSE,FALSE
SCAN:2075,SCAN,-86.59137000000001,35.06445000000001,TRUE,TRUE,FALSE,FALSE,FALSE
1085,USCRN,-75.92,37.29,FALSE,FALSE,TRUE,TRUE,TRUE
1346,USCRN,-78.46,37.99,TRUE,FALSE,FALSE,TRUE,FALSE
SCAN:2089,SCAN,-80.13333,36.63333000000001,TRUE,TRUE,FALSE,FALSE,FALSE
SCAN:2088,SCAN,-79.2,37.91667,TRUE,TRUE,FALSE,FALSE,FALSE
SCAN:2039,SCAN,-78.11667,38.23333,TRUE,TRUE,FALSE,FALSE,FALSE
1024,USCRN,-79.47,39.01,TRUE,TRUE,FALSE,FALSE,FALSE
1114,USCRN,-90.17,44.059999999999995,TRUE,TRUE,FALSE,FALSE,FALSE
SCAN:2003,SCAN,-88.58333000000002,45.46666999999999,TRUE,TRUE,FALSE,FALSE,FALSE
SCAN:2196,SCAN,-90.3899,42.70785,TRUE,TRUE,FALSE,FALSE,FALSE
1107,USCRN,-110.71,43.66,TRUE,FALSE,FALSE,TRUE,FALSE
1144,USCRN,-108.66,42.67,TRUE,FALSE,FALSE,TRUE,FALSE
1487,USCRN,-104.43,44.51,TRUE,TRUE,FALSE,FALSE,FALSE
SNTL:342,SNTL,-109.25965,42.6458,TRUE,TRUE,FALSE,FALSE,FALSE
SNTL:1119,SNTL,-106.714,41.05623,TRUE,TRUE,FALSE,FALSE,FALSE
SNTL:358,SNTL,-107.5811,44.67881,TRUE,TRUE,FALSE,FALSE,FALSE
SNTL:1130,SNTL,-109.3774,43.6748,TRUE,TRUE,FALSE,FALSE,FALSE
SNTL:460,SNTL,-110.2023,43.13097,TRUE,TRUE,FALSE,FALSE,FALSE
SNTL:497,SNTL,-110.43495,43.34298,TRUE,TRUE,FALSE,FALSE,FALSE
SNTL:554,SNTL,-110.80177,42.26554000000001,TRUE,TRUE,FALSE,FALSE,FALSE
SNTL:1134,SNTL,-109.0883,42.5801,TRUE,TRUE,FALSE,FALSE,FALSE
SNTL:577,SNTL,-110.66628,44.20862,TRUE,TRUE,FALSE,FALSE,FALSE
SNTL:1196,SNTL,-106.34697,41.378330000000005,TRUE,TRUE,FALSE,FALSE,FALSE
SNTL:1133,SNTL,-109.4112,42.7121,TRUE,TRUE,FALSE,FALSE,FALSE
SNTL:730,SNTL,-110.9099,42.5075,TRUE,TRUE,FALSE,FALSE,FALSE
SNTL:764,SNTL,-110.66917,44.13361,TRUE,TRUE,FALSE,FALSE,FALSE
SNTL:1132,SNTL,-107.0136,44.34847,FALSE,FALSE,TRUE,TRUE,TRUE
SNTL:798,SNTL,-107.40035,44.72279,TRUE,TRUE,FALSE,FALSE,FALSE
SCAN:2018,SCAN,-104.13333,42.06667,TRUE,TRUE,FALSE,FALSE,FALSE
SNTL:826,SNTL,-108.89572,42.695249999999994,TRUE,TRUE,FALSE,FALSE,FALSE
SNTL:367,SNTL,-106.23038,41.36038,TRUE,TRUE,FALSE,FALSE,FALSE
SNTL:571,SNTL,-105.86051,42.43566,TRUE,TRUE,FALSE,FALSE,FALSE
SNTL:1046,SNTL,-106.23101,41.23843,TRUE,TRUE,FALSE,FALSE,FALSE
SNTL:1045,SNTL,-105.38571,41.22824,TRUE,TRUE,FALSE,FALSE,FALSE
SNTL:872,SNTL,-105.57782,42.27991,TRUE,TRUE,FALSE,FALSE,FALSE
SNTL:837,SNTL,-110.22122,44.15178,TRUE,TRUE,FALSE,FALSE,FALSE
SNTL:1082,SNTL,-110.92783,43.77933,TRUE,TRUE,FALSE,FALSE,FALSE
SNTL:772,SNTL,-106.5025,41.32950000000001,TRUE,TRUE,FALSE,FALSE,FALSE
SNTL:1015,SNTL,-107.2574,41.40107,TRUE,TRUE,FALSE,FALSE,FALSE
SNTL:1047,SNTL,-106.94284,41.070510000000006,TRUE,TRUE,FALSE,FALSE,FALSE
SNTL:732,SNTL,-107.17043,41.11179,TRUE,TRUE,FALSE,FALSE,FALSE
SNTL:816,SNTL,-110.57717,44.36916999999999,TRUE,TRUE,FALSE,FALSE,FALSE
SNTL:831,SNTL,-110.5914,42.76393,TRUE,TRUE,FALSE,FALSE,FALSE
1119,USCRN,-85.96,34.28000000000001,TRUE,TRUE,FALSE,FALSE,FALSE
1122,USCRN,-87.24,32.45,TRUE,TRUE,FALSE,FALSE,FALSE
1124,USCRN,-87.87,30.54000000000001,TRUE,TRUE,FALSE,FALSE,FALSE
SCAN:2057,SCAN,-86.55,34.78333000000001,TRUE,TRUE,FALSE,FALSE,FALSE
SCAN:2078,SCAN,-86.60236,34.89375,TRUE,TRUE,FALSE,FALSE,FALSE
SCAN:2177,SCAN,-86.05253,32.28393,TRUE,TRUE,FALSE,FALSE,FALSE
SCAN:2113,SCAN,-86.79897,34.19492,TRUE,TRUE,FALSE,FALSE,FALSE
SCAN:2055,SCAN,-86.16557,34.4448,TRUE,TRUE,FALSE,FALSE,FALSE
SCAN:2173,SCAN,-87.98685,34.81982,TRUE,TRUE,FALSE,FALSE,FALSE
SCAN:2180,SCAN,-87.69797,30.523800000000005,TRUE,TRUE,FALSE,FALSE,FALSE
SCAN:2114,SCAN,-88.19743,32.608,TRUE,TRUE,FALSE,FALSE,FALSE
SCAN:2178,SCAN,-85.91028,32.41222,TRUE,TRUE,FALSE,FALSE,FALSE
SCAN:2181,SCAN,-87.55277,31.10923,TRUE,TRUE,FALSE,FALSE,FALSE
SCAN:2176,SCAN,-86.89137,32.40392,TRUE,TRUE,FALSE,FALSE,FALSE
SCAN:2056,SCAN,-86.68333,34.43333,TRUE,TRUE,FALSE,FALSE,FALSE
SCAN:2179,SCAN,-87.45618,34.17973,TRUE,TRUE,FALSE,FALSE,FALSE
SCAN:2115,SCAN,-85.74802,32.43455,TRUE,TRUE,FALSE,FALSE,FALSE
SCAN:2175,SCAN,-85.51818,33.331680000000006,TRUE,TRUE,FALSE,FALSE,FALSE
SCAN:2053,SCAN,-86.53333,34.9,TRUE,TRUE,FALSE,FALSE,FALSE
SCAN:2174,SCAN,-88.31003,33.10768,TRUE,TRUE,FALSE,FALSE,FALSE
SCAN:2182,SCAN,-85.03693,31.019120000000004,TRUE,TRUE,FALSE,FALSE,FALSE
1141,USCRN,-80.69,28.61,TRUE,FALSE,FALSE,TRUE,FALSE
1128,USCRN,-81.31,25.89,FALSE,FALSE,TRUE,TRUE,TRUE
1530,USCRN,-81.36,27.15,TRUE,TRUE,FALSE,FALSE,FALSE
SCAN:2051,SCAN,-80.55,25.5,TRUE,FALSE,FALSE,TRUE,FALSE
SCAN:2012,SCAN,-81.63333,29.1,TRUE,TRUE,FALSE,FALSE,FALSE
SCAN:2009,SCAN,-84.41667000000001,30.300000000000004,TRUE,TRUE,FALSE,FALSE,FALSE
1021,USCRN,-113.55,43.46,TRUE,FALSE,FALSE,TRUE,FALSE
1022,USCRN,-116.75,43.2,TRUE,TRUE,FALSE,FALSE,FALSE
SNTL:978,SNTL,-116.09685000000002,43.76377,TRUE,TRUE,FALSE,FALSE,FALSE
SNTL:550,SNTL,-115.44322,44.05092,TRUE,TRUE,FALSE,FALSE,FALSE
SNTL:484,SNTL,-111.6012,42.05050000000001,TRUE,TRUE,FALSE,FALSE,FALSE
SNTL:490,SNTL,-114.71363,43.87496999999999,TRUE,TRUE,FALSE,FALSE,FALSE
SNTL:537,SNTL,-114.15894,43.71077,TRUE,TRUE,FALSE,FALSE,FALSE
SNTL:623,SNTL,-116.26643,47.15044999999999,TRUE,TRUE,FALSE,FALSE,FALSE
SNTL:989,SNTL,-116.8535,46.805,TRUE,TRUE,FALSE,FALSE,FALSE
SNTL:645,SNTL,-116.23055,48.05726,TRUE,TRUE,FALSE,FALSE,FALSE
SNTL:654,SNTL,-116.55925000000002,42.6004,TRUE,TRUE,FALSE,FALSE,FALSE
SNTL:2029,SNTL,-116.8431,43.28863,TRUE,TRUE,FALSE,FALSE,FALSE
SNTL:735,SNTL,-114.63333,46.46633,TRUE,TRUE,FALSE,FALSE,FALSE
SNTL:747,SNTL,-115.74216,46.56603,TRUE,TRUE,FALSE,FALSE,FALSE
SNTL:749,SNTL,-111.68792,43.2103,TRUE,TRUE,FALSE,FALSE,FALSE
SNTL:926,SNTL,-113.83402,43.72718,TRUE,TRUE,FALSE,FALSE,FALSE
SNTL:774,SNTL,-116.90037,42.76478,TRUE,TRUE,FALSE,FALSE,FALSE
SNTL:979,SNTL,-116.3366,44.37665,TRUE,TRUE,FALSE,FALSE,FALSE
SNTL:867,SNTL,-112.47783,42.75743,TRUE,TRUE,FALSE,FALSE,FALSE
SNTL:871,SNTL,-115.00278,42.01257,TRUE,TRUE,FALSE,FALSE,FALSE
SNTL:306,SNTL,-115.23907,43.7569,TRUE,TRUE,FALSE,FALSE,FALSE
SNTL:312,SNTL,-115.23447,44.30342,TRUE,TRUE,FALSE,FALSE,FALSE
SNTL:320,SNTL,-113.93797000000001,43.74367,FALSE,FALSE,TRUE,TRUE,TRUE
SNTL:359,SNTL,-114.19272,42.16442,TRUE,TRUE,FALSE,FALSE,FALSE
SNTL:895,SNTL,-114.41812,43.7685,TRUE,TRUE,FALSE,FALSE,FALSE
SNTL:752,SNTL,-116.33972,46.95028,TRUE,TRUE,FALSE,FALSE,FALSE
SNTL:424,SNTL,-111.99384,44.437000000000005,TRUE,TRUE,FALSE,FALSE,FALSE
SNTL:425,SNTL,-115.28903,46.56394,TRUE,TRUE,FALSE,FALSE,FALSE
SNTL:450,SNTL,-114.67417000000002,43.602500000000006,TRUE,TRUE,FALSE,FALSE,FALSE
SNTL:466,SNTL,-116.12233,46.83998,FALSE,TRUE,TRUE,FALSE,FALSE
SNTL:836,SNTL,-114.5056,46.1438,FALSE,TRUE,TRUE,FALSE,FALSE
SNTL:1053,SNTL,-116.46312,48.72263,TRUE,TRUE,FALSE,FALSE,FALSE
SNTL:546,SNTL,-111.38512,44.4203,TRUE,TRUE,FALSE,FALSE,FALSE
SNTL:493,SNTL,-111.1663,42.4132,TRUE,TRUE,FALSE,FALSE,FALSE
SCAN:674,SCAN,-115.99643000000002,43.32268,TRUE,TRUE,FALSE,FALSE,FALSE
SNTL:1142,SNTL,-115.7957,46.49597,TRUE,TRUE,FALSE,FALSE,FALSE
SNTL:524,SNTL,-113.4723,44.01897,TRUE,TRUE,FALSE,FALSE,FALSE
SNTL:1081,SNTL,-117.03667000000002,47.855830000000005,TRUE,TRUE,FALSE,FALSE,FALSE
SCAN:2148,SCAN,-117.0106,42.94863000000001,TRUE,TRUE,FALSE,FALSE,FALSE
SNTL:610,SNTL,-114.28662,42.18072,TRUE,TRUE,FALSE,FALSE,FALSE
SNTL:1016,SNTL,-116.08878,44.78835000000001,TRUE,TRUE,FALSE,FALSE,FALSE
SNTL:770,SNTL,-111.35933,42.952749999999995,TRUE,TRUE,FALSE,FALSE,FALSE
SNTL:805,SNTL,-113.96887,43.626,TRUE,TRUE,FALSE,FALSE,FALSE
SNTL:792,SNTL,-114.20902,43.861169999999994,TRUE,TRUE,FALSE,FALSE,FALSE
SNTL:803,SNTL,-115.82422,47.55545000000001,TRUE,TRUE,FALSE,FALSE,FALSE
1231,USCRN,-100.96,38.87,TRUE,TRUE,FALSE,FALSE,FALSE
1047,USCRN,-96.6,39.10000000000001,TRUE,TRUE,FALSE,FALSE,FALSE
SCAN:2092,SCAN,-97.0859,37.1313,TRUE,TRUE,FALSE,FALSE,FALSE
SCAN:2094,SCAN,-96.1629,39.70045,TRUE,TRUE,FALSE,FALSE,FALSE
SCAN:2147,SCAN,-95.19128,39.05140999999999,TRUE,TRUE,FALSE,FALSE,FALSE
SCAN:2093,SCAN,-99.32953,39.78638000000001,TRUE,TRUE,FALSE,FALSE,FALSE
SCAN:2049,SCAN,-76.85,39.01667,TRUE,TRUE,FALSE,FALSE,FALSE
1347,USCRN,-79.09,35.97,TRUE,TRUE,FALSE,FALSE,FALSE
1026,USCRN,-82.61,35.49,TRUE,TRUE,FALSE,FALSE,FALSE
1027,USCRN,-82.55,35.41,TRUE,TRUE,FALSE,FALSE,FALSE
SCAN:2008,SCAN,-76.65,35.86667,TRUE,TRUE,FALSE,FALSE,FALSE
1030,USCRN,-79.36,33.15,TRUE,TRUE,FALSE,FALSE,FALSE
1029,USCRN,-81.32,33.35,TRUE,TRUE,FALSE,FALSE,FALSE
SCAN:2037,SCAN,-79.73333,34.3,TRUE,TRUE,FALSE,FALSE,FALSE
SCAN:2038,SCAN,-81.2,32.666669999999996,TRUE,TRUE,FALSE,FALSE,FALSE
1467,USCRN,-117.52,47.41,TRUE,TRUE,FALSE,FALSE,FALSE
1017,USCRN,-121.44,48.540000000000006,TRUE,TRUE,FALSE,FALSE,FALSE
1233,USCRN,-123.81,47.51,TRUE,FALSE,FALSE,TRUE,FALSE
SNTL:990,SNTL,-121.2555,48.8793,FALSE,TRUE,TRUE,FALSE,FALSE
SNTL:1080,SNTL,-121.19713,48.92755,TRUE,TRUE,FALSE,FALSE,FALSE
SNTL:1107,SNTL,-123.45747,47.7086,FALSE,FALSE,TRUE,TRUE,TRUE
SNTL:942,SNTL,-121.94032,47.0444,TRUE,TRUE,FALSE,FALSE,FALSE
SCAN:2198,SCAN,-117.08008,46.78372999999999,TRUE,TRUE,FALSE,FALSE,FALSE
SNTL:515,SNTL,-120.6586,48.72047,FALSE,FALSE,TRUE,TRUE,TRUE
SCAN:2021,SCAN,-118.56667,47,TRUE,TRUE,FALSE,FALSE,FALSE
SNTL:999,SNTL,-121.69822999999998,48.76292000000001,FALSE,FALSE,TRUE,TRUE,TRUE
SNTL:644,SNTL,-119.08158000000002,48.36166,TRUE,TRUE,FALSE,FALSE,FALSE
SNTL:707,SNTL,-117.08938,47.87927,TRUE,TRUE,FALSE,FALSE,FALSE
SNTL:711,SNTL,-120.7358,48.51865,FALSE,FALSE,TRUE,TRUE,TRUE
SNTL:728,SNTL,-119.8383,48.65518000000001,FALSE,FALSE,TRUE,TRUE,TRUE
SNTL:734,SNTL,-121.06323,47.38485,FALSE,FALSE,TRUE,TRUE,TRUE
SNTL:1085,SNTL,-121.5343,46.86954,FALSE,FALSE,TRUE,TRUE,TRUE
SNTL:897,SNTL,-121.47197,47.28312,TRUE,TRUE,FALSE,FALSE,FALSE
SNTL:1159,SNTL,-118.98640000000002,48.9516,FALSE,FALSE,TRUE,TRUE,TRUE
SNTL:599,SNTL,-121.08095000000002,46.3575,FALSE,FALSE,TRUE,TRUE,TRUE
SNTL:679,SNTL,-121.74765,46.78265,TRUE,TRUE,FALSE,FALSE,FALSE
SNTL:985,SNTL,-117.39438,46.23718000000001,TRUE,TRUE,FALSE,FALSE,FALSE
SNTL:974,SNTL,-123.42594,47.94485000000001,FALSE,FALSE,TRUE,TRUE,TRUE
SNTL:832,SNTL,-120.29412,47.23328,TRUE,TRUE,FALSE,FALSE,FALSE
SCAN:2042,SCAN,-73.03834000000002,43.05753,TRUE,TRUE,FALSE,FALSE,FALSE
SCAN:2041,SCAN,-72.83451,44.53509,TRUE,TRUE,FALSE,FALSE,FALSE
1507,USCRN,-112.54,41.60999999999999,TRUE,TRUE,FALSE,FALSE,FALSE
SCAN:2138,SCAN,-109.36429,37.67455,TRUE,TRUE,FALSE,FALSE,FALSE
SNTL:992,SNTL,-110.8277,40.8852,TRUE,TRUE,FALSE,FALSE,FALSE
SNTL:1214,SNTL,-112.25233,40.46182,TRUE,TRUE,FALSE,FALSE,FALSE
SNTL:1162,SNTL,-110.5828,40.95813999999999,TRUE,TRUE,FALSE,FALSE,FALSE
SCAN:2135,SCAN,-112.4336,41.93531,TRUE,TRUE,FALSE,FALSE,FALSE
SNTL:1154,SNTL,-112.85674,37.67994,TRUE,TRUE,FALSE,FALSE,FALSE
SNTL:368,SNTL,-110.58587,40.58102,TRUE,TRUE,FALSE,FALSE,FALSE
SNTL:1192,SNTL,-110.66068,40.84456,TRUE,TRUE,FALSE,FALSE,FALSE
SNTL:1153,SNTL,-109.44717,37.86943,TRUE,TRUE,FALSE,FALSE,FALSE
SCAN:2151,SCAN,-111.18798,41.34363,TRUE,TRUE,FALSE,FALSE,FALSE
SCAN:2136,SCAN,-111.98043,41.81568,TRUE,TRUE,FALSE,FALSE,FALSE
SCAN:2161,SCAN,-113.12341,37.35524000000001,TRUE,TRUE,FALSE,FALSE,FALSE
SCAN:2150,SCAN,-111.3036,41.33136,TRUE,TRUE,FALSE,FALSE,FALSE
SCAN:2125,SCAN,-112.25122,38.15133,TRUE,TRUE,FALSE,FALSE,FALSE
SNTL:1236,SNTL,-110.37906,39.65795,TRUE,TRUE,FALSE,FALSE,FALSE
SNTL:432,SNTL,-111.08993,40.35746999999999,TRUE,TRUE,FALSE,FALSE,FALSE
SNTL:455,SNTL,-111.5377,41.41288999999999,TRUE,TRUE,FALSE,FALSE,FALSE
SCAN:2130,SCAN,-109.17193,37.77853,TRUE,TRUE,FALSE,FALSE,FALSE
SNTL:1163,SNTL,-110.54056,40.88472,TRUE,TRUE,FALSE,FALSE,FALSE
SCAN:2128,SCAN,-113.64324,37.63343,TRUE,TRUE,FALSE,FALSE,FALSE
SCAN:2126,SCAN,-111.57803,39.36798,TRUE,TRUE,FALSE,FALSE,FALSE
SNTL:474,SNTL,-111.80975,40.97462,TRUE,TRUE,FALSE,FALSE,FALSE
SNTL:1151,SNTL,-113.41154,41.91562,TRUE,TRUE,FALSE,FALSE,FALSE
SNTL:495,SNTL,-111.68333,38.80033999999999,TRUE,TRUE,FALSE,FALSE,FALSE
SNTL:1184,SNTL,-111.68892,38.7882,TRUE,TRUE,FALSE,FALSE,FALSE
SCAN:2165,SCAN,-114.00025,39.99003,TRUE,TRUE,FALSE,FALSE,FALSE
SCAN:2152,SCAN,-112.39258,40.590889999999995,TRUE,FALSE,FALSE,TRUE,FALSE
SCAN:2131,SCAN,-110.16264,39.01825,TRUE,TRUE,FALSE,FALSE,FALSE
SCAN:2160,SCAN,-113.82048,41.77846,TRUE,TRUE,FALSE,FALSE,FALSE
SCAN:2164,SCAN,-113.75102,38.59445,TRUE,TRUE,FALSE,FALSE,FALSE
SCAN:2166,SCAN,-109.23998,38.31347,TRUE,TRUE,FALSE,FALSE,FALSE
SNTL:1223,SNTL,-111.35971,40.18538000000001,TRUE,TRUE,FALSE,FALSE,FALSE
SCAN:2127,SCAN,-112.40155,39.192159999999994,TRUE,TRUE,FALSE,FALSE,FALSE
SNTL:1145,SNTL,-111.41249,41.24764,TRUE,TRUE,FALSE,FALSE,FALSE
SNTL:557,SNTL,-112.39273,38.48383,TRUE,TRUE,FALSE,FALSE,FALSE
SNTL:566,SNTL,-110.43316,40.59709,TRUE,TRUE,FALSE,FALSE,FALSE
SNTL:1116,SNTL,-110.3529,40.5502,TRUE,TRUE,FALSE,FALSE,FALSE
SNTL:1215,SNTL,-109.29164,38.48167,TRUE,TRUE,FALSE,FALSE,FALSE
SNTL:1056,SNTL,-111.48749,41.35891,TRUE,TRUE,FALSE,FALSE,FALSE
SCAN:2155,SCAN,-110.30464,40.17957,TRUE,TRUE,FALSE,FALSE,FALSE
SNTL:1118,SNTL,-111.35947,41.22155,TRUE,TRUE,FALSE,FALSE,FALSE
SCAN:2156,SCAN,-112.64291,38.36649,TRUE,TRUE,FALSE,FALSE,FALSE
SCAN:2140,SCAN,-109.33776,37.44671,TRUE,TRUE,FALSE,FALSE,FALSE
SNTL:626,SNTL,-112.83849,37.569329999999994,TRUE,TRUE,FALSE,FALSE,FALSE
SCAN:2129,SCAN,-113.01053,38.34196,TRUE,TRUE,FALSE,FALSE,FALSE
SNTL:634,SNTL,-111.49688,41.46547,TRUE,TRUE,FALSE,FALSE,FALSE
SCAN:2133,SCAN,-111.68555,40.9999,TRUE,TRUE,FALSE,FALSE,FALSE
SCAN:2134,SCAN,-110.40602,40.37263,TRUE,TRUE,FALSE,FALSE,FALSE
SCAN:2137,SCAN,-111.87044000000002,39.64554,TRUE,TRUE,FALSE,FALSE,FALSE
SNTL:1146,SNTL,-112.192,39.3485,TRUE,TRUE,FALSE,FALSE,FALSE
SCAN:2157,SCAN,-112.43437,37.86975000000001,TRUE,TRUE,FALSE,FALSE,FALSE
SNTL:1148,SNTL,-112.65037,37.70463,TRUE,TRUE,FALSE,FALSE,FALSE
SCAN:2153,SCAN,-113.28596,41.77318000000001,TRUE,TRUE,FALSE,FALSE,FALSE
SCAN:2132,SCAN,-110.80604,39.53288,TRUE,TRUE,FALSE,FALSE,FALSE
SNTL:1225,SNTL,-111.21765,40.67505,TRUE,TRUE,FALSE,FALSE,FALSE
SCAN:2159,SCAN,-113.35615,37.10516,TRUE,TRUE,FALSE,FALSE,FALSE
SNTL:1117,SNTL,-110.00527,40.83867999999999,TRUE,TRUE,FALSE,FALSE,FALSE
SCAN:2154,SCAN,-109.35326,40.391360000000006,TRUE,TRUE,FALSE,FALSE,FALSE
SNTL:1249,SNTL,-111.33981,38.048,TRUE,TRUE,FALSE,FALSE,FALSE
SNTL:1248,SNTL,-112.92949,37.59711,FALSE,TRUE,TRUE,FALSE,FALSE
SNTL:1113,SNTL,-111.56918,41.88573,FALSE,FALSE,TRUE,TRUE,TRUE
SCAN:2163,SCAN,-113.45866,39.23724,TRUE,FALSE,FALSE,TRUE,FALSE
SNTL:1227,SNTL,-111.2491,39.4155,TRUE,TRUE,FALSE,FALSE,FALSE
SCAN:2162,SCAN,-112.19252,37.19061000000001,TRUE,TRUE,FALSE,FALSE,FALSE
SNTL:853,SNTL,-112.90155,37.575,TRUE,TRUE,FALSE,FALSE,FALSE
SCAN:2139,SCAN,-109.12745,38.01394,TRUE,TRUE,FALSE,FALSE,FALSE
SNTL:1228,SNTL,-111.35685,39.13233,TRUE,TRUE,FALSE,FALSE,FALSE
SNTL:1197,SNTL,-112.77495,37.74797,TRUE,TRUE,FALSE,FALSE,FALSE
SNTL:907,SNTL,-112.27118,37.52217,TRUE,TRUE,FALSE,FALSE,FALSE
SNTL:1066,SNTL,-113.45988,37.40083,TRUE,TRUE,FALSE,FALSE,FALSE
SNTL:1221,SNTL,-111.48827,39.32019,TRUE,TRUE,FALSE,FALSE,FALSE
SNTL:1222,SNTL,-111.45383,39.30229,TRUE,TRUE,FALSE,FALSE,FALSE
SNTL:1065,SNTL,-113.94235,37.49616999999999,TRUE,TRUE,FALSE,FALSE,FALSE
SNTL:329,SNTL,-111.55813,39.13683,TRUE,TRUE,FALSE,FALSE,FALSE
SNTL:330,SNTL,-111.09782,40.61233,TRUE,TRUE,FALSE,FALSE,FALSE
SNTL:332,SNTL,-111.94405,41.37603,TRUE,TRUE,FALSE,FALSE,FALSE
SNTL:333,SNTL,-111.92103,41.38291,TRUE,TRUE,FALSE,FALSE,FALSE
SNTL:517,SNTL,-110.88472,40.79669,TRUE,TRUE,FALSE,FALSE,FALSE
SNTL:339,SNTL,-112.35672,38.30183000000001,TRUE,TRUE,FALSE,FALSE,FALSE
SNTL:521,SNTL,-110.48419,40.95009,TRUE,TRUE,FALSE,FALSE,FALSE
SNTL:348,SNTL,-111.59765,38.6799,TRUE,TRUE,FALSE,FALSE,FALSE
SNTL:528,SNTL,-110.18623,40.92167,TRUE,TRUE,FALSE,FALSE,FALSE
SNTL:1278,SNTL,-112.15349,38.94569,TRUE,TRUE,FALSE,FALSE,FALSE
SNTL:1216,SNTL,-111.30576,39.61774,TRUE,TRUE,FALSE,FALSE,FALSE
SNTL:364,SNTL,-112.01856,38.50809,TRUE,TRUE,FALSE,FALSE,FALSE
SNTL:1156,SNTL,-112.00779,38.49746,TRUE,TRUE,FALSE,FALSE,FALSE
SNTL:366,SNTL,-111.58167,40.59936,TRUE,TRUE,FALSE,FALSE,FALSE
SNTL:371,SNTL,-111.43722,39.134,TRUE,TRUE,FALSE,FALSE,FALSE
SNTL:374,SNTL,-111.41987000000002,41.68541,TRUE,TRUE,FALSE,FALSE,FALSE
SNTL:790,SNTL,-110.50462,40.90862,TRUE,TRUE,FALSE,FALSE,FALSE
SNTL:1135,SNTL,-110.85075,40.98492,TRUE,TRUE,FALSE,FALSE,FALSE
SNTL:383,SNTL,-109.48723,37.81333000000001,TRUE,TRUE,FALSE,FALSE,FALSE
SNTL:1039,SNTL,-111.60992,40.283,TRUE,TRUE,FALSE,FALSE,FALSE
SNTL:390,SNTL,-112.74093,37.66098000000001,TRUE,TRUE,FALSE,FALSE,FALSE
SNTL:392,SNTL,-111.04765,40.85464,TRUE,TRUE,FALSE,FALSE,FALSE
SNTL:393,SNTL,-111.06954,40.88529,TRUE,TRUE,FALSE,FALSE,FALSE
SNTL:396,SNTL,-110.0105,40.77458,TRUE,TRUE,FALSE,FALSE,FALSE
SNTL:983,SNTL,-111.83355,37.9725,TRUE,TRUE,FALSE,FALSE,FALSE
SNTL:399,SNTL,-111.28363,39.86671,TRUE,TRUE,FALSE,FALSE,FALSE
SNTL:400,SNTL,-111.25154,39.89275,TRUE,TRUE,FALSE,FALSE,FALSE
SNTL:582,SNTL,-111.82607,41.40562,TRUE,TRUE,FALSE,FALSE,FALSE
SNTL:583,SNTL,-113.84582,37.48631,TRUE,TRUE,FALSE,FALSE,FALSE
SNTL:435,SNTL,-111.25677,40.2953,TRUE,TRUE,FALSE,FALSE,FALSE
SNTL:444,SNTL,-111.46875,39.04554,TRUE,TRUE,FALSE,FALSE,FALSE
SNTL:452,SNTL,-111.47412,38.2084,TRUE,TRUE,FALSE,FALSE,FALSE
SNTL:461,SNTL,-109.53179,39.31213,TRUE,TRUE,FALSE,FALSE,FALSE
SNTL:1247,SNTL,-113.98262,39.74104,TRUE,TRUE,FALSE,FALSE,FALSE
SNTL:691,SNTL,-111.58259,39.01219,TRUE,TRUE,FALSE,FALSE,FALSE
SNTL:643,SNTL,-109.8881,40.60797999999999,TRUE,TRUE,FALSE,FALSE,FALSE
SNTL:1054,SNTL,-111.81702,40.992,TRUE,TRUE,FALSE,FALSE,FALSE
SNTL:475,SNTL,-111.67662,38.77246,TRUE,TRUE,FALSE,FALSE,FALSE
SNTL:1149,SNTL,-111.76693,38.50455,TRUE,TRUE,FALSE,FALSE,FALSE
SNTL:481,SNTL,-110.46721,40.71785,TRUE,TRUE,FALSE,FALSE,FALSE
SNTL:1114,SNTL,-111.4693,41.9215,TRUE,TRUE,FALSE,FALSE,FALSE
SNTL:559,SNTL,-109.54401,40.71632,TRUE,TRUE,FALSE,FALSE,FALSE
SNTL:561,SNTL,-113.05386,37.52664,TRUE,TRUE,FALSE,FALSE,FALSE
SNTL:684,SNTL,-111.62917,40.76184,TRUE,TRUE,FALSE,FALSE,FALSE
SNTL:514,SNTL,-112.57602,37.48997,TRUE,TRUE,FALSE,FALSE,FALSE
SNTL:579,SNTL,-110.79813,40.864929999999994,TRUE,TRUE,FALSE,FALSE,FALSE
SNTL:522,SNTL,-109.96287,40.90663,TRUE,TRUE,FALSE,FALSE,FALSE
SNTL:592,SNTL,-113.39661,37.51255,TRUE,TRUE,FALSE,FALSE,FALSE
SNTL:533,SNTL,-111.44624,41.313720000000004,TRUE,TRUE,FALSE,FALSE,FALSE
SNTL:714,SNTL,-111.27221,39.45197,TRUE,TRUE,FALSE,FALSE,FALSE
SNTL:720,SNTL,-110.69292,40.54875,TRUE,TRUE,FALSE,FALSE,FALSE
SNTL:612,SNTL,-111.31818,39.68338,TRUE,TRUE,FALSE,FALSE,FALSE
SNTL:1099,SNTL,-112.16788,38.07125,TRUE,TRUE,FALSE,FALSE,FALSE
SNTL:1115,SNTL,-111.59713,41.96769,TRUE,TRUE,FALSE,FALSE,FALSE
SNTL:621,SNTL,-112.43637,38.30285,TRUE,TRUE,FALSE,FALSE,FALSE
SNTL:823,SNTL,-111.62957,41.89833000000001,TRUE,TRUE,FALSE,FALSE,FALSE
SNTL:971,SNTL,-111.81372,40.93417,TRUE,TRUE,FALSE,FALSE,FALSE
SNTL:513,SNTL,-110.62121,40.73785,FALSE,TRUE,TRUE,FALSE,FALSE
SNTL:742,SNTL,-111.43297,39.31042000000001,TRUE,TRUE,FALSE,FALSE,FALSE
SNTL:572,SNTL,-109.27198,38.48225999999999,TRUE,TRUE,FALSE,FALSE,FALSE
SNTL:628,SNTL,-111.63683,40.658829999999995,TRUE,TRUE,FALSE,FALSE,FALSE
SNTL:631,SNTL,-112.61141,40.49384,TRUE,TRUE,FALSE,FALSE,FALSE
SNTL:1226,SNTL,-111.51998,39.23803000000001,TRUE,TRUE,FALSE,FALSE,FALSE
SNTL:1261,SNTL,-110.77241,38.07,TRUE,TRUE,FALSE,FALSE,FALSE
SNTL:593,SNTL,-112.51458,37.48756000000001,TRUE,TRUE,FALSE,FALSE,FALSE
SNTL:596,SNTL,-111.70965,40.83731,TRUE,TRUE,FALSE,FALSE,FALSE
SNTL:766,SNTL,-111.65852,40.56914,TRUE,TRUE,FALSE,FALSE,FALSE
SNTL:972,SNTL,-111.76457,40.83032999999999,TRUE,TRUE,FALSE,FALSE,FALSE
SNTL:1217,SNTL,-111.72508,39.49667000000001,TRUE,TRUE,FALSE,FALSE,FALSE
SNTL:694,SNTL,-112.24915,38.88185,TRUE,TRUE,FALSE,FALSE,FALSE
SCAN:2158,SCAN,-111.26189,37.51468,TRUE,TRUE,FALSE,FALSE,FALSE
SNTL:828,SNTL,-110.94873,40.678,TRUE,TRUE,FALSE,FALSE,FALSE
SNTL:865,SNTL,-111.88163,37.83633,TRUE,TRUE,FALSE,FALSE,FALSE
SNTL:543,SNTL,-110.74604,39.89166,TRUE,TRUE,FALSE,FALSE,FALSE
SNTL:844,SNTL,-112.41478,39.93667000000001,TRUE,TRUE,FALSE,FALSE,FALSE
SNTL:1097,SNTL,-110.43395,39.67712,TRUE,TRUE,FALSE,FALSE,FALSE
SNTL:820,SNTL,-111.61633,40.42817,TRUE,TRUE,FALSE,FALSE,FALSE
SNTL:1280,SNTL,-111.71802,39.92076,FALSE,FALSE,TRUE,TRUE,TRUE
SNTL:1224,SNTL,-111.50527,39.13648,TRUE,TRUE,FALSE,FALSE,FALSE
SNTL:1269,SNTL,-110.7933,37.97793,TRUE,TRUE,FALSE,FALSE,FALSE
SNTL:833,SNTL,-109.6728,40.739,TRUE,TRUE,FALSE,FALSE,FALSE
SNTL:814,SNTL,-111.53322,40.6235,TRUE,TRUE,FALSE,FALSE,FALSE
SNTL:686,SNTL,-111.63109,39.92976,TRUE,TRUE,FALSE,FALSE,FALSE
SNTL:723,SNTL,-112.22377,40.44293,TRUE,TRUE,FALSE,FALSE,FALSE
SNTL:1164,SNTL,-111.04469,40.47733,TRUE,TRUE,FALSE,FALSE,FALSE
SNTL:763,SNTL,-111.09192,40.78931000000001,TRUE,TRUE,FALSE,FALSE,FALSE
SNTL:795,SNTL,-111.20665,40.16483,TRUE,TRUE,FALSE,FALSE,FALSE
SNTL:1013,SNTL,-111.54605,41.79299999999999,TRUE,TRUE,FALSE,FALSE,FALSE
SNTL:864,SNTL,-110.98845,39.9645,TRUE,TRUE,FALSE,FALSE,FALSE
SNTL:1098,SNTL,-111.50603,41.86424999999999,TRUE,TRUE,FALSE,FALSE,FALSE
1116,USCRN,-93.28,41.55,TRUE,TRUE,FALSE,FALSE,FALSE
SCAN:2031,SCAN,-93.73333,42.016670000000005,TRUE,TRUE,FALSE,FALSE,FALSE
SCAN:2068,SCAN,-95.76667,42.43333,TRUE,TRUE,FALSE,FALSE,FALSE
1028,USCRN,-84.74,38.09000000000001,TRUE,TRUE,FALSE,FALSE,FALSE
1031,USCRN,-86.23,37.25,TRUE,TRUE,FALSE,FALSE,FALSE
SCAN:2079,SCAN,-86.04093,37.1864,TRUE,TRUE,FALSE,FALSE,FALSE
SCAN:2005,SCAN,-87.83333,37.1,TRUE,TRUE,FALSE,FALSE,FALSE
1034,USCRN,-68.7,44.92,TRUE,TRUE,FALSE,FALSE,FALSE
1035,USCRN,-67.88,46.96,TRUE,TRUE,FALSE,FALSE,FALSE
1113,USCRN,-86.92,46.33,TRUE,TRUE,FALSE,FALSE,FALSE
1426,USCRN,-84.72,44.9,TRUE,TRUE,FALSE,FALSE,FALSE
1142,USCRN,-93.14,39.86000000000001,TRUE,TRUE,FALSE,FALSE,FALSE
1407,USCRN,-94.58,37.42,TRUE,TRUE,FALSE,FALSE,FALSE
1406,USCRN,-91.72,37.63000000000001,TRUE,TRUE,FALSE,FALSE,FALSE
SCAN:2048,SCAN,-89.93333,36.78333,TRUE,TRUE,FALSE,FALSE,FALSE
SCAN:2220,SCAN,-90.78278,39.15306,TRUE,TRUE,FALSE,FALSE,FALSE
SCAN:2194,SCAN,-92.2594,36.9973,TRUE,TRUE,FALSE,FALSE,FALSE
SCAN:2060,SCAN,-93.88333,37.06667,TRUE,TRUE,FALSE,FALSE,FALSE
SCAN:2061,SCAN,-94.03333,38.86667,TRUE,TRUE,FALSE,FALSE,FALSE
SCAN:2193,SCAN,-94.0364,37.9872,TRUE,TRUE,FALSE,FALSE,FALSE
SCAN:2047,SCAN,-93.71667,40.25,TRUE,TRUE,FALSE,FALSE,FALSE
SCAN:2223,SCAN,-92.13475,38.52557000000001,TRUE,TRUE,FALSE,FALSE,FALSE
SCAN:2195,SCAN,-92.11942,39.2285,TRUE,TRUE,FALSE,FALSE,FALSE
SCAN:2227,SCAN,-90.80639,38.47889,TRUE,TRUE,FALSE,FALSE,FALSE
1025,USCRN,-103.73,42.419999999999995,TRUE,TRUE,FALSE,FALSE,FALSE
1115,USCRN,-101.44,42.06000000000001,TRUE,TRUE,FALSE,FALSE,FALSE
1004,USCRN,-96.56,40.84000000000001,TRUE,TRUE,FALSE,FALSE,FALSE
1003,USCRN,-96.85,40.69,TRUE,TRUE,FALSE,FALSE,FALSE
SCAN:2111,SCAN,-101.72010000000002,40.37042,TRUE,TRUE,FALSE,FALSE,FALSE
SCAN:2001,SCAN,-96.46667,40.85,TRUE,TRUE,FALSE,FALSE,FALSE
1532,USCRN,-119.63,41.84,TRUE,FALSE,FALSE,TRUE,FALSE
1049,USCRN,-116.02,36.62,TRUE,TRUE,FALSE,FALSE,FALSE
1106,USCRN,-114.2,39.01,TRUE,FALSE,FALSE,TRUE,FALSE
SNTL:1155,SNTL,-114.64863,39.46138,TRUE,TRUE,FALSE,FALSE,FALSE
SNTL:1111,SNTL,-115.69543,36.31575,TRUE,TRUE,FALSE,FALSE,FALSE
SNTL:1152,SNTL,-114.6133,39.16337,FALSE,FALSE,TRUE,TRUE,TRUE
SNTL:445,SNTL,-118.18934000000002,41.96737,TRUE,TRUE,FALSE,FALSE,FALSE
SNTL:454,SNTL,-115.3234,41.661,TRUE,TRUE,FALSE,FALSE,FALSE
SNTL:1243,SNTL,-115.22014,40.863800000000005,TRUE,TRUE,FALSE,FALSE,FALSE
SNTL:1262,SNTL,-115.9364,41.58008,TRUE,TRUE,FALSE,FALSE,FALSE
SNTL:503,SNTL,-115.52757,40.3848,TRUE,TRUE,FALSE,FALSE,FALSE
SCAN:2141,SCAN,-115.60852,36.26527,TRUE,TRUE,FALSE,FALSE,FALSE
SNTL:1112,SNTL,-115.67508,36.30537000000001,TRUE,TRUE,FALSE,FALSE,FALSE
SCAN:2146,SCAN,-115.61194999999998,36.16555000000001,TRUE,TRUE,FALSE,FALSE,FALSE
SCAN:2116,SCAN,-118.49344999999998,40.09247,TRUE,TRUE,FALSE,FALSE,FALSE
SNTL:615,SNTL,-119.89672,39.16395,TRUE,TRUE,FALSE,FALSE,FALSE
SCAN:2144,SCAN,-115.20422,36.57285,TRUE,TRUE,FALSE,FALSE,FALSE
SNTL:1244,SNTL,-115.12067000000002,40.86293,TRUE,TRUE,FALSE,FALSE,FALSE
SNTL:1110,SNTL,-115.62972000000002,36.2493,TRUE,TRUE,FALSE,FALSE,FALSE
SNTL:750,SNTL,-119.44464,41.90435,TRUE,TRUE,FALSE,FALSE,FALSE
SNTL:1136,SNTL,-116.3408,41.3187,TRUE,TRUE,FALSE,FALSE,FALSE
SCAN:2142,SCAN,-115.78127,36.37355,TRUE,TRUE,FALSE,FALSE,FALSE
SNTL:1137,SNTL,-115.9834,39.4495,TRUE,TRUE,FALSE,FALSE,FALSE
SNTL:1147,SNTL,-114.31021,39.00995000000001,TRUE,TRUE,FALSE,FALSE,FALSE
SNTL:321,SNTL,-115.45278,41.83384000000001,TRUE,TRUE,FALSE,FALSE,FALSE
SNTL:334,SNTL,-114.62278000000002,39.31917,TRUE,TRUE,FALSE,FALSE,FALSE
SNTL:336,SNTL,-115.6931,41.76168,TRUE,TRUE,FALSE,FALSE,FALSE
SNTL:337,SNTL,-117.11506,39.29148,TRUE,TRUE,FALSE,FALSE,FALSE
SNTL:340,SNTL,-119.9422,39.455,TRUE,TRUE,FALSE,FALSE,FALSE
SNTL:527,SNTL,-115.0954,40.94168,TRUE,TRUE,FALSE,FALSE,FALSE
SNTL:548,SNTL,-116.00517000000002,41.54675,TRUE,TRUE,FALSE,FALSE,FALSE
SCAN:2216,SCAN,-119.9534,40.87959,TRUE,TRUE,FALSE,FALSE,FALSE
SNTL:373,SNTL,-117.53181999999998,41.75067,TRUE,TRUE,FALSE,FALSE,FALSE
SNTL:453,SNTL,-115.21104,40.893429999999995,TRUE,TRUE,FALSE,FALSE,FALSE
SCAN:2145,SCAN,-115.82047,36.36651,TRUE,TRUE,FALSE,FALSE,FALSE
SNTL:1006,SNTL,-116.8647,40.35719999999999,TRUE,TRUE,FALSE,FALSE,FALSE
SNTL:476,SNTL,-116.10153,41.82097999999999,TRUE,TRUE,FALSE,FALSE,FALSE
SNTL:417,SNTL,-115.54017,40.27551,TRUE,TRUE,FALSE,FALSE,FALSE
SNTL:443,SNTL,-115.84421,39.56361,TRUE,TRUE,FALSE,FALSE,FALSE
SNTL:1195,SNTL,-117.58812,40.88358,TRUE,TRUE,FALSE,FALSE,FALSE
SNTL:1272,SNTL,-115.08316000000002,41.8642,TRUE,TRUE,FALSE,FALSE,FALSE
SNTL:498,SNTL,-117.56668000000002,41.67032,TRUE,TRUE,FALSE,FALSE,FALSE
SNTL:698,SNTL,-115.24713,41.87255,TRUE,TRUE,FALSE,FALSE,FALSE
SNTL:1242,SNTL,-119.8771,39.25259,TRUE,TRUE,FALSE,FALSE,FALSE
SNTL:652,SNTL,-119.89473,39.31573,TRUE,TRUE,FALSE,FALSE,FALSE
SNTL:549,SNTL,-116.01170000000002,41.5136,TRUE,TRUE,FALSE,FALSE,FALSE
SNTL:1150,SNTL,-114.62762,39.5579,TRUE,TRUE,FALSE,FALSE,FALSE
SNTL:569,SNTL,-117.63197,41.51542,TRUE,TRUE,FALSE,FALSE,FALSE
SNTL:570,SNTL,-115.3812,40.6448,TRUE,TRUE,FALSE,FALSE,FALSE
SNTL:573,SNTL,-116.02957,41.77636999999999,TRUE,TRUE,FALSE,FALSE,FALSE
SNTL:746,SNTL,-115.47215,41.73732,TRUE,TRUE,FALSE,FALSE,FALSE
SNTL:2170,SNTL,-117.62069,39.46544,TRUE,TRUE,FALSE,FALSE,FALSE
SNTL:1194,SNTL,-118.99663,41.48953,TRUE,TRUE,FALSE,FALSE,FALSE
SNTL:811,SNTL,-116.02930000000002,41.22870000000001,TRUE,TRUE,FALSE,FALSE,FALSE
SNTL:849,SNTL,-114.95575,39.13242,TRUE,TRUE,FALSE,FALSE,FALSE
SCAN:2229,SCAN,-115.2212,40.636970000000005,TRUE,TRUE,FALSE,FALSE,FALSE
1041,USCRN,-70.92,43.17000000000001,TRUE,FALSE,FALSE,TRUE,FALSE
1040,USCRN,-70.94,43.10000000000001,TRUE,FALSE,FALSE,TRUE,FALSE
SCAN:2043,SCAN,-72.02593,43.7756,FALSE,TRUE,TRUE,FALSE,FALSE
SCAN:2069,SCAN,-71.72644,43.94843,TRUE,TRUE,FALSE,FALSE,FALSE
1118,USCRN,-73.74,41.78000000000001,TRUE,TRUE,FALSE,FALSE,FALSE
1117,USCRN,-76.24,42.440000000000005,TRUE,TRUE,FALSE,FALSE,FALSE
SCAN:2011,SCAN,-77.03333,42.88333,TRUE,TRUE,FALSE,FALSE,FALSE
1125,USCRN,-81.78,40.36,TRUE,TRUE,FALSE,FALSE,FALSE
1797,USCRN,-81.91,40.76,TRUE,FALSE,FALSE,TRUE,FALSE
SCAN:2014,SCAN,-83.45,39.95,TRUE,TRUE,FALSE,FALSE,FALSE
1145,USCRN,-119.64,44.55,TRUE,TRUE,FALSE,FALSE,FALSE
1023,USCRN,-119.69,43.47,TRUE,TRUE,FALSE,FALSE,FALSE
1610,USCRN,-124.31,43.27,FALSE,FALSE,TRUE,TRUE,TRUE
1234,USCRN,-123.32,44.41,TRUE,TRUE,FALSE,FALSE,FALSE
SNTL:1000,SNTL,-122.16518,42.870070000000005,FALSE,FALSE,TRUE,TRUE,TRUE
SNTL:344,SNTL,-122.26617,42.40717,FALSE,FALSE,TRUE,TRUE,TRUE
SNTL:361,SNTL,-118.18787,44.83052,FALSE,FALSE,TRUE,TRUE,TRUE
SNTL:395,SNTL,-121.80662,43.22625,TRUE,TRUE,FALSE,FALSE,FALSE
SNTL:401,SNTL,-121.6916,45.18832,FALSE,FALSE,TRUE,TRUE,TRUE
SNTL:523,SNTL,-118.10657,45.69682,FALSE,FALSE,TRUE,TRUE,TRUE
SNTL:529,SNTL,-122.56877,43.66917,TRUE,TRUE,FALSE,FALSE,FALSE
SNTL:608,SNTL,-119.49585,45.10513,FALSE,FALSE,TRUE,TRUE,TRUE
SNTL:653,SNTL,-117.17373,45.265220000000006,TRUE,TRUE,FALSE,FALSE,FALSE
SNTL:706,SNTL,-120.82533,42.31923,TRUE,TRUE,FALSE,FALSE,FALSE
SNTL:721,SNTL,-118.83842,44.00883000000001,FALSE,FALSE,TRUE,TRUE,TRUE
SNTL:756,SNTL,-121.18123,42.95615,TRUE,TRUE,FALSE,FALSE,FALSE
SNTL:759,SNTL,-118.68785,42.753330000000005,FALSE,TRUE,TRUE,FALSE,FALSE
SNTL:767,SNTL,-119.54013,43.94885000000001,FALSE,FALSE,TRUE,TRUE,TRUE
SNTL:810,SNTL,-121.42592,42.69108,FALSE,FALSE,TRUE,TRUE,TRUE
SNTL:821,SNTL,-118.42617,44.65567,FALSE,FALSE,TRUE,TRUE,TRUE
SNTL:351,SNTL,-121.85605,45.428700000000006,FALSE,FALSE,TRUE,TRUE,TRUE
SNTL:398,SNTL,-121.75443,45.09658,FALSE,FALSE,TRUE,TRUE,TRUE
SNTL:1084,SNTL,-123.27563,45.24755,TRUE,TRUE,FALSE,FALSE,FALSE
SNTL:736,SNTL,-117.16522000000002,45.00107,TRUE,TRUE,FALSE,FALSE,FALSE
1042,USCRN,-71.54,41.489999999999995,TRUE,TRUE,FALSE,FALSE,FALSE
1043,USCRN,-71.54,41.470000000000006,TRUE,TRUE,FALSE,FALSE,FALSE
1009,USCRN,-96.62,43.72999999999999,TRUE,TRUE,FALSE,FALSE,FALSE
1446,USCRN,-99.12,45.71,TRUE,TRUE,FALSE,FALSE,FALSE
1140,USCRN,-103.3,45.51,TRUE,TRUE,FALSE,FALSE,FALSE
1236,USCRN,-100.35,44.01,TRUE,TRUE,FALSE,FALSE,FALSE
SCAN:2072,SCAN,-96.61455,43.73835,TRUE,TRUE,FALSE,FALSE,FALSE
1019,USCRN,-102.8,31.61999999999999,TRUE,TRUE,FALSE,FALSE,FALSE
1067,USCRN,-102.77,33.95000000000001,TRUE,TRUE,FALSE,FALSE,FALSE
1130,USCRN,-100.24,32.04,TRUE,TRUE,FALSE,FALSE,FALSE
1066,USCRN,-98.06,26.52,TRUE,TRUE,FALSE,FALSE,FALSE
1306,USCRN,-103.2,29.34,TRUE,FALSE,FALSE,TRUE,FALSE
1387,USCRN,-96.82,28.299999999999997,TRUE,TRUE,FALSE,FALSE,FALSE
1386,USCRN,-98.08,30.620000000000005,TRUE,FALSE,FALSE,TRUE,FALSE
1018,USCRN,-95.72,31.769999999999996,TRUE,TRUE,FALSE,FALSE,FALSE
SCAN:2006,SCAN,-102.1,35.166669999999996,TRUE,TRUE,FALSE,FALSE,FALSE
SCAN:2206,SCAN,-97.88223,27.54945,TRUE,TRUE,FALSE,FALSE,FALSE
SCAN:2201,SCAN,-99.86657,33.44635,TRUE,TRUE,FALSE,FALSE,FALSE
SCAN:2106,SCAN,-102.7453,33.62647,TRUE,TRUE,FALSE,FALSE,FALSE
SCAN:2105,SCAN,-102.37392,33.55125000000001,TRUE,TRUE,FALSE,FALSE,FALSE
SCAN:2016,SCAN,-95.98333,30.083330000000004,TRUE,TRUE,FALSE,FALSE,FALSE
SCAN:2104,SCAN,-102.03869,33.615359999999995,TRUE,TRUE,FALSE,FALSE,FALSE
SCAN:2200,SCAN,-100.50748,31.5496,TRUE,TRUE,FALSE,FALSE,FALSE
SCAN:2207,SCAN,-94.29283,30.06844999999999,TRUE,TRUE,FALSE,FALSE,FALSE
SCAN:2205,SCAN,-97.95927,26.15553,TRUE,TRUE,FALSE,FALSE,FALSE
SCAN:2202,SCAN,-99.2464,34.01635,TRUE,TRUE,FALSE,FALSE,FALSE
SCAN:2204,SCAN,-99.75517000000002,29.21578,TRUE,TRUE,FALSE,FALSE,FALSE
SCAN:2199,SCAN,-96.88162,31.47907,TRUE,TRUE,FALSE,FALSE,FALSE
SCAN:2203,SCAN,-98.19563,32.24535,TRUE,TRUE,FALSE,FALSE,FALSE
