site_id,network,longitude,latitude,oos_shallow,oos_middle,fully_oos
SCAN:2043,SCAN,-72.02593,43.7756,TRUE,FALSE,FALSE
SCAN:2051,SCAN,-80.55,25.5,FALSE,TRUE,FALSE
SCAN:2152,SCAN,-112.39258,40.590889999999995,FALSE,TRUE,FALSE
SCAN:2163,SCAN,-113.45866,39.23724,FALSE,TRUE,FALSE
SNTL:1000,SNTL,-122.16518,42.870070000000005,TRUE,TRUE,TRUE
SNTL:1085,SNTL,-121.5343,46.86954,TRUE,TRUE,TRUE
SNTL:1107,SNTL,-123.45747,47.7086,TRUE,TRUE,TRUE
SNTL:1113,SNTL,-111.56918,41.88573,TRUE,TRUE,TRUE
SNTL:1132,SNTL,-107.0136,44.34847,TRUE,TRUE,TRUE
SNTL:1152,SNTL,-114.6133,39.16337,TRUE,TRUE,TRUE
SNTL:1159,SNTL,-118.98640000000002,48.9516,TRUE,TRUE,TRUE
SNTL:1248,SNTL,-112.92949,37.59711,TRUE,FALSE,FALSE
SNTL:1280,SNTL,-111.71802,39.92076,TRUE,TRUE,TRUE
SNTL:320,SNTL,-113.93797000000001,43.74367,TRUE,TRUE,TRUE
SNTL:344,SNTL,-122.26617,42.40717,TRUE,TRUE,TRUE
SNTL:351,SNTL,-121.85605,45.428700000000006,TRUE,TRUE,TRUE
SNTL:361,SNTL,-118.18787,44.83052,TRUE,TRUE,TRUE
SNTL:398,SNTL,-121.75443,45.09658,TRUE,TRUE,TRUE
SNTL:401,SNTL,-121.6916,45.18832,TRUE,TRUE,TRUE
SNTL:466,SNTL,-116.12233,46.83998,TRUE,FALSE,FALSE
SNTL:513,SNTL,-110.62121,40.73785,TRUE,FALSE,FALSE
SNTL:515,SNTL,-120.6586,48.72047,TRUE,TRUE,TRUE
SNTL:523,SNTL,-118.10657,45.69682,TRUE,TRUE,TRUE
SNTL:568,SNTL,-111.82498,44.58907000000001,TRUE,TRUE,TRUE
SNTL:578,SNTL,-110.96625,45.50410000000001,TRUE,FALSE,FALSE
SNTL:599,SNTL,-121.08095000000002,46.3575,TRUE,TRUE,TRUE
SNTL:608,SNTL,-119.49585,45.10513,TRUE,TRUE,TRUE
SNTL:711,SNTL,-120.7358,48.51865,TRUE,TRUE,TRUE
SNTL:721,SNTL,-118.83842,44.00883000000001,TRUE,TRUE,TRUE
SNTL:728,SNTL,-119.8383,48.65518000000001,TRUE,TRUE,TRUE
SNTL:734,SNTL,-121.06323,47.38485,TRUE,TRUE,TRUE
SNTL:759,SNTL,-118.68785,42.753330000000005,TRUE,FALSE,FALSE
SNTL:767,SNTL,-119.54013,43.94885000000001,TRUE,TRUE,TRUE
SNTL:781,SNTL,-110.62165,46.77962000000001,TRUE,TRUE,TRUE
SNTL:810,SNTL,-121.42592,42.69108,TRUE,TRUE,TRUE
SNTL:821,SNTL,-118.42617,44.65567,TRUE,TRUE,TRUE
SNTL:836,SNTL,-114.5056,46.1438,TRUE,FALSE,FALSE
SNTL:903,SNTL,-112.50787,46.84234,TRUE,FALSE,FALSE
SNTL:974,SNTL,-123.42594,47.94485000000001,TRUE,TRUE,TRUE
SNTL:990,SNTL,-121.2555,48.8793,TRUE,FALSE,FALSE
SNTL:999,SNTL,-121.69822999999998,48.76292000000001,TRUE,TRUE,TRUE
ACMS2,UMRB Mesonet,-99.0929,43.4992,TRUE,TRUE,TRUE
ALMW4,UMRB Mesonet,-104.2483,44.5871,TRUE,TRUE,TRUE
ALUN1,UMRB Mesonet,-102.89401,42.05799,TRUE,TRUE,TRUE
ASAM8,UMRB Mesonet,-106.14318,45.57326,TRUE,TRUE,TRUE
AVMS2,UMRB Mesonet,-98.0002,43.0096,TRUE,TRUE,TRUE
AVNW4,UMRB Mesonet,-104.5444,44.8605,TRUE,TRUE,TRUE
AWMS2,UMRB Mesonet,-98.6834,45.4054,TRUE,TRUE,TRUE
BDEM8,UMRB Mesonet,-105.25889,48.55058,TRUE,TRUE,TRUE
BDMS2,UMRB Mesonet,-98.2781,45.1544,TRUE,TRUE,TRUE
BDMW4,UMRB Mesonet,-105.0406,44.953,TRUE,TRUE,TRUE
BFDN8,UMRB Mesonet,-103.92594,47.97074,TRUE,TRUE,TRUE
BMRN8,UMRB Mesonet,-99.31836,47.74575,TRUE,TRUE,TRUE
BNGM8,UMRB Mesonet,-108.49062,45.62588,TRUE,TRUE,TRUE
BNWM8,UMRB Mesonet,-112.17275,47.30804,TRUE,TRUE,TRUE
BRYM8,UMRB Mesonet,-111.66432,48.10323,TRUE,TRUE,TRUE
BSEM8,UMRB Mesonet,-110.03595,48.03403,TRUE,TRUE,TRUE
BSWM8,UMRB Mesonet,-110.32165,48.24156,TRUE,TRUE,TRUE
BTSM8,UMRB Mesonet,-109.82669,45.74353,TRUE,FALSE,FALSE
BUFM8,UMRB Mesonet,-112.65625,48.85363,TRUE,TRUE,TRUE
BUSM8,UMRB Mesonet,-106.93155,45.51856,TRUE,TRUE,TRUE
BYUM8,UMRB Mesonet,-112.49437,47.95719,TRUE,TRUE,TRUE
CCMS2,UMRB Mesonet,-104.0168,45.4235,TRUE,TRUE,TRUE
CDLN8,UMRB Mesonet,-103.02859,46.28376,TRUE,TRUE,TRUE
CGMS2,UMRB Mesonet,-97.6605,44.1673,TRUE,TRUE,TRUE
CGMW4,UMRB Mesonet,-104.25466,44.95865,TRUE,TRUE,TRUE
CHMS2,UMRB Mesonet,-101.3658,44.7079,TRUE,TRUE,TRUE
CHSM8,UMRB Mesonet,-111.03759,48.44775,TRUE,TRUE,TRUE
CLMS2,UMRB Mesonet,-97.8464,44.9374,TRUE,TRUE,TRUE
CLMW4,UMRB Mesonet,-106.1102,44.5263,TRUE,TRUE,TRUE
CMMW4,UMRB Mesonet,-106.44363,44.00906,TRUE,TRUE,TRUE
CNNM8,UMRB Mesonet,-111.92398,48.30707,TRUE,TRUE,TRUE
CRMW4,UMRB Mesonet,-104.8021,44.4485,TRUE,TRUE,TRUE
CRNM8,UMRB Mesonet,-110.99302,48.02231,TRUE,TRUE,TRUE
CSTM8,UMRB Mesonet,-109.52066,47.4245,TRUE,TRUE,TRUE
DCMW4,UMRB Mesonet,-105.13755,43.28535,TRUE,TRUE,TRUE
DOGM8,UMRB Mesonet,-113.06213,48.37776,TRUE,TRUE,TRUE
DOOM8,UMRB Mesonet,-104.38458,48.83369,TRUE,TRUE,TRUE
DRYM8,UMRB Mesonet,-108.64159,48.0419,TRUE,TRUE,TRUE
DTMS2,UMRB Mesonet,-97.5325,44.4951,TRUE,TRUE,TRUE
DTMW4,UMRB Mesonet,-105.014,44.713,TRUE,TRUE,TRUE
DVDN8,UMRB Mesonet,-103.6971,46.5641,TRUE,TRUE,TRUE
DYRM8,UMRB Mesonet,-112.54923,48.29556,TRUE,TRUE,TRUE
EGBS2,UMRB Mesonet,-101.07714,45.02386,TRUE,TRUE,TRUE
ELIN8,UMRB Mesonet,-101.9858,46.5013,TRUE,TRUE,TRUE
ESWN1,UMRB Mesonet,-102.16559,42.2794,TRUE,TRUE,TRUE
FCMW4,UMRB Mesonet,-104.2952,44.1959,TRUE,TRUE,TRUE
FLDN8,UMRB Mesonet,-103.24321,47.12531,TRUE,TRUE,TRUE
FLMS2,UMRB Mesonet,-103.055,43.1002,TRUE,TRUE,TRUE
FOXM8,UMRB Mesonet,-110.74849,48.89941,TRUE,TRUE,TRUE
FRDN1,UMRB Mesonet,-97.398063,42.749287,TRUE,TRUE,TRUE
FRGM8,UMRB Mesonet,-109.08885,47.10576,TRUE,TRUE,TRUE
FROM8,UMRB Mesonet,-104.49668,48.25794,TRUE,TRUE,TRUE
FTKM8,UMRB Mesonet,-104.77125,48.22337,TRUE,TRUE,TRUE
GLOM8,UMRB Mesonet,-106.74891,48.1244,TRUE,TRUE,TRUE
GONN1,UMRB Mesonet,-102.0689,42.64832,TRUE,TRUE,TRUE
GRMS2,UMRB Mesonet,-99.439,43.4642,TRUE,TRUE,TRUE
GWMS2,UMRB Mesonet,-100.2423,45.0057,TRUE,TRUE,TRUE
HAUN1,UMRB Mesonet,-103.89799,42.66399,TRUE,TRUE,TRUE
HBNN8,UMRB Mesonet,-102.0759,46.8045,TRUE,TRUE,TRUE
HDFN8,UMRB Mesonet,-99.93723,47.45111,TRUE,TRUE,TRUE
HEUN1,UMRB Mesonet,-102.93946,42.40871,TRUE,TRUE,TRUE
HIWM8,UMRB Mesonet,-110.89959,47.68476,TRUE,TRUE,TRUE
HLMS2,UMRB Mesonet,-97.17166,43.23507,TRUE,TRUE,TRUE
HMMS2,UMRB Mesonet,-99.4144,44.8572,TRUE,TRUE,TRUE
HOFN8,UMRB Mesonet,-103.10819,48.16443,TRUE,TRUE,TRUE
HOGM8,UMRB Mesonet,-108.78024,48.81634,TRUE,TRUE,TRUE
HRMS2,UMRB Mesonet,-100.0909,45.8664,TRUE,TRUE,TRUE
HSMS2,UMRB Mesonet,-102.9225,43.7387,TRUE,TRUE,TRUE
HSPN1,UMRB Mesonet,-102.6489,42.36969,TRUE,TRUE,TRUE
HSUN1,UMRB Mesonet,-102.90947,42.61461,TRUE,TRUE,TRUE
HUMW4,UMRB Mesonet,-104.6962,44.7389,TRUE,TRUE,TRUE
HWTM8,UMRB Mesonet,-109.70085,46.41295,TRUE,TRUE,TRUE
INNM8,UMRB Mesonet,-110.70967,48.71885,TRUE,TRUE,TRUE
ISMS2,UMRB Mesonet,-101.4924,45.3863,TRUE,TRUE,TRUE
ISSM8,UMRB Mesonet,-110.71257,48.37537,TRUE,TRUE,TRUE
JGPM8,UMRB Mesonet,-109.76837,46.71887,TRUE,TRUE,TRUE
KBMS2,UMRB Mesonet,-99.8254,43.8161,TRUE,TRUE,TRUE
KDMS2,UMRB Mesonet,-101.5915,43.874,TRUE,TRUE,TRUE
LBMS2,UMRB Mesonet,-99.6111,44.0822,TRUE,TRUE,TRUE
LBTN8,UMRB Mesonet,-102.21621,47.91428,TRUE,TRUE,TRUE
LEFN8,UMRB Mesonet,-102.38507,46.58835,TRUE,TRUE,TRUE
LGGM8,UMRB Mesonet,-107.51536,45.3073,TRUE,TRUE,TRUE
LINN8,UMRB Mesonet,-100.28146,46.32716,TRUE,TRUE,TRUE
LIVN8,UMRB Mesonet,-100.56771,46.43594,TRUE,TRUE,TRUE
LLNM8,UMRB Mesonet,-106.24298,48.52674,TRUE,TRUE,TRUE
LMDM8,UMRB Mesonet,-106.48794,45.65598,TRUE,TRUE,TRUE
LNMS2,UMRB Mesonet,-103.7168,45.8268,TRUE,TRUE,TRUE
LOAM8,UMRB Mesonet,-110.49169,47.95366,TRUE,TRUE,TRUE
LORM8,UMRB Mesonet,-107.87788,48.77156,TRUE,TRUE,TRUE
LPMS2,UMRB Mesonet,-100.673,45.1456,TRUE,TRUE,TRUE
LRMS2,UMRB Mesonet,-99.9773,45.2815,TRUE,TRUE,TRUE
LTBM8,UMRB Mesonet,-109.6417,48.746,TRUE,TRUE,TRUE
LTMS2,UMRB Mesonet,-101.4844,45.0871,TRUE,TRUE,TRUE
LVAM8,UMRB Mesonet,-108.95365,46.39892,TRUE,TRUE,TRUE
LYHN1,UMRB Mesonet,-98.5042,42.8407,TRUE,TRUE,TRUE
MATS2,UMRB Mesonet,-101.6511,43.1992,TRUE,TRUE,TRUE
MAUN1,UMRB Mesonet,-103.33128,42.35566,TRUE,TRUE,TRUE
MBMS2,UMRB Mesonet,-102.7539,44.9196,TRUE,TRUE,TRUE
MBYM8,UMRB Mesonet,-107.65106,46.93618,TRUE,TRUE,TRUE
MCKN8,UMRB Mesonet,-100.38346,46.82221,TRUE,TRUE,TRUE
MCMS2,UMRB Mesonet,-100.1151,45.6712,TRUE,TRUE,TRUE
MDMS2,UMRB Mesonet,-97.0898,43.9146,TRUE,TRUE,TRUE
MEDM8,UMRB Mesonet,-104.73097,48.51998,TRUE,TRUE,TRUE
MEIN1,UMRB Mesonet,-101.72452,42.61576,TRUE,TRUE,TRUE
MINM8,UMRB Mesonet,-112.63338,48.52725,TRUE,TRUE,TRUE
MLMS2,UMRB Mesonet,-101.0909,44.0851,TRUE,TRUE,TRUE
MNMS2,UMRB Mesonet,-97.4524,43.2109,TRUE,FALSE,FALSE
MNNN8,UMRB Mesonet,-102.8325,47.1925,TRUE,TRUE,TRUE
MOBM8,UMRB Mesonet,-108.09801,47.06115,TRUE,TRUE,TRUE
MOTM8,UMRB Mesonet,-108.95924,45.84138,TRUE,TRUE,TRUE
MOYM8,UMRB Mesonet,-107.92134,46.7823,TRUE,TRUE,TRUE
MRNN8,UMRB Mesonet,-103.9373,46.3228,TRUE,TRUE,TRUE
MSSM8,UMRB Mesonet,-108.02182,46.53997,TRUE,TRUE,TRUE
MTLM8,UMRB Mesonet,-111.03753,48.85226,TRUE,TRUE,TRUE
MTRM8,UMRB Mesonet,-108.33595,47.92644,TRUE,TRUE,TRUE
MXAN8,UMRB Mesonet,-101.31472,47.87,TRUE,TRUE,TRUE
NARN1,UMRB Mesonet,-99.138759,42.966264,TRUE,TRUE,TRUE
NCMW4,UMRB Mesonet,-104.2619,43.6662,TRUE,TRUE,TRUE
NEDN8,UMRB Mesonet,-102.96803,46.52645,TRUE,TRUE,TRUE
NSLN8,UMRB Mesonet,-101.34194,46.76778,TRUE,TRUE,TRUE
NUAM8,UMRB Mesonet,-106.32129,48.19608,TRUE,TRUE,TRUE
OEMS2,UMRB Mesonet,-103.3477,43.041,TRUE,TRUE,TRUE
OHDN1,UMRB Mesonet,-98.261073,42.490732,TRUE,TRUE,TRUE
OHMM8,UMRB Mesonet,-106.38619,48.78782,TRUE,TRUE,TRUE
OSMW4,UMRB Mesonet,-104.3791,43.99378,TRUE,TRUE,TRUE
OTRM8,UMRB Mesonet,-105.9845,45.24692,TRUE,TRUE,TRUE
PARM8,UMRB Mesonet,-105.21641,48.17849,TRUE,TRUE,TRUE
PCDN8,UMRB Mesonet,-101.6123,47.4747,TRUE,TRUE,TRUE
PCKN8,UMRB Mesonet,-100.67296,47.41536,TRUE,TRUE,TRUE
PCMS2,UMRB Mesonet,-102.9195,45.3388,TRUE,TRUE,TRUE
PIMS2,UMRB Mesonet,-99.9997,44.3541,TRUE,TRUE,TRUE
PKJN8,UMRB Mesonet,-103.6559,47.5025,TRUE,TRUE,TRUE
PKMS2,UMRB Mesonet,-97.0793,43.4885,TRUE,TRUE,TRUE
PMPN8,UMRB Mesonet,-103.35835,46.78142,TRUE,TRUE,TRUE
POLN8,UMRB Mesonet,-102.56083,48.48417,TRUE,TRUE,TRUE
PTON8,UMRB Mesonet,-101.77054,46.15995,TRUE,TRUE,TRUE
RADM8,UMRB Mesonet,-112.00768,48.06099,TRUE,FALSE,FALSE
RAPM8,UMRB Mesonet,-109.42109,45.88584,TRUE,TRUE,TRUE
RDFS2,UMRB Mesonet,-98.4066,44.8859,TRUE,TRUE,TRUE
RDMS2,UMRB Mesonet,-103.5495,45.3195,TRUE,TRUE,TRUE
RGTM8,UMRB Mesonet,-109.31114,46.19946,TRUE,TRUE,TRUE
RHMS2,UMRB Mesonet,-98.7965,44.8224,TRUE,TRUE,TRUE
RKMW4,UMRB Mesonet,-104.8825,43.6795,TRUE,TRUE,TRUE
RMYM8,UMRB Mesonet,-109.3477,46.5351,TRUE,TRUE,TRUE
RRMW4,UMRB Mesonet,-105.88865,43.41376,TRUE,TRUE,TRUE
RSTM8,UMRB Mesonet,-104.84179,48.82451,TRUE,TRUE,TRUE
RSVN1,UMRB Mesonet,-102.43749,42.71207,TRUE,TRUE,TRUE
RYOM8,UMRB Mesonet,-108.67782,47.37909,TRUE,TRUE,TRUE
SASM8,UMRB Mesonet,-107.39124,48.29082,TRUE,TRUE,TRUE
SBSM8,UMRB Mesonet,-112.02219,48.91505,TRUE,TRUE,TRUE
SCYM8,UMRB Mesonet,-105.49718,48.8602,TRUE,TRUE,TRUE
SDLM8,UMRB Mesonet,-110.15675,45.74655,TRUE,TRUE,TRUE
SDSM8,UMRB Mesonet,-107.63839,47.1653,TRUE,TRUE,TRUE
SHLN8,UMRB Mesonet,-102.07275,48.15001,TRUE,TRUE,TRUE
SLBN8,UMRB Mesonet,-103.79333,47.06694,TRUE,TRUE,TRUE
SNMS2,UMRB Mesonet,-102.442,43.7574,TRUE,TRUE,TRUE
SNRN8,UMRB Mesonet,-100.9891,47.1668,TRUE,TRUE,TRUE
SPMS2,UMRB Mesonet,-103.9164,44.5656,TRUE,TRUE,TRUE
STYN8,UMRB Mesonet,-102.4652,48.1961,TRUE,TRUE,TRUE
SURM8,UMRB Mesonet,-111.71725,47.41178,TRUE,TRUE,TRUE
SVYM8,UMRB Mesonet,-108.5907,48.417,TRUE,TRUE,TRUE
TAMM8,UMRB Mesonet,-106.85091,48.36463,TRUE,TRUE,TRUE
THMS2,UMRB Mesonet,-101.2295,43.2061,TRUE,TRUE,TRUE
TRNM8,UMRB Mesonet,-108.39366,48.87426,TRUE,TRUE,TRUE
TWOM8,UMRB Mesonet,-110.20549,46.44675,TRUE,TRUE,TRUE
UCMS2,UMRB Mesonet,-102.8964,44.7047,TRUE,TRUE,TRUE
UPMW4,UMRB Mesonet,-104.63755,43.9643,TRUE,TRUE,TRUE
VGAS2,UMRB Mesonet,-96.9188,44.304,FALSE,TRUE,FALSE
VLTM8,UMRB Mesonet,-108.24377,47.35797,TRUE,TRUE,TRUE
VNMS2,UMRB Mesonet,-98.2793,43.7173,TRUE,TRUE,TRUE
VOTM8,UMRB Mesonet,-105.66213,48.54228,TRUE,TRUE,TRUE
VVMS2,UMRB Mesonet,-100.2963,43.7508,TRUE,TRUE,TRUE
WETM8,UMRB Mesonet,-113.11848,48.77951,TRUE,TRUE,TRUE
WGMS2,UMRB Mesonet,-98.7614,44.4592,TRUE,TRUE,TRUE
WHUN1,UMRB Mesonet,-103.31791,42.74225,TRUE,TRUE,TRUE
WIEM8,UMRB Mesonet,-108.50241,46.96536,TRUE,TRUE,TRUE
WNFM8,UMRB Mesonet,-109.2019,47.7319,TRUE,TRUE,TRUE
WNGN8,UMRB Mesonet,-100.3303,47.2719,TRUE,TRUE,TRUE
WOFM8,UMRB Mesonet,-105.73792,48.17452,TRUE,TRUE,TRUE
WRHM8,UMRB Mesonet,-108.59132,47.14725,TRUE,TRUE,TRUE
WRHN8,UMRB Mesonet,-99.06591,46.14316,TRUE,TRUE,TRUE
WSMS2,UMRB Mesonet,-98.3103,44.1114,TRUE,TRUE,TRUE
YPLN8,UMRB Mesonet,-98.52323,46.77638,TRUE,TRUE,TRUE
ZPPN8,UMRB Mesonet,-101.97136,47.43673,TRUE,TRUE,TRUE
1011,USCRN,-111.16,32.23,FALSE,TRUE,FALSE
1021,USCRN,-113.55,43.46,FALSE,TRUE,FALSE
1040,USCRN,-70.94,43.10000000000001,FALSE,TRUE,FALSE
1041,USCRN,-70.92,43.17000000000001,FALSE,TRUE,FALSE
1045,USCRN,-105.54,40.03,FALSE,TRUE,FALSE
1046,USCRN,-113.43,48.74000000000001,FALSE,TRUE,FALSE
1085,USCRN,-75.92,37.29,TRUE,TRUE,TRUE
1105,USCRN,-117.14,36.6,FALSE,TRUE,FALSE
1106,USCRN,-114.2,39.01,FALSE,TRUE,FALSE
1107,USCRN,-110.71,43.66,FALSE,TRUE,FALSE
1128,USCRN,-81.31,25.89,TRUE,TRUE,TRUE
1139,USCRN,-103.37,46.89,FALSE,TRUE,FALSE
1141,USCRN,-80.69,28.61,FALSE,TRUE,FALSE
1144,USCRN,-108.66,42.67,FALSE,TRUE,FALSE
1233,USCRN,-123.81,47.51,FALSE,TRUE,FALSE
1306,USCRN,-103.2,29.34,FALSE,TRUE,FALSE
1346,USCRN,-78.46,37.99,FALSE,TRUE,FALSE
1386,USCRN,-98.08,30.620000000000005,FALSE,TRUE,FALSE
1468,USCRN,-113,45.15,FALSE,TRUE,FALSE
1528,USCRN,-117.18999999999998,33.43,FALSE,TRUE,FALSE
1529,USCRN,-119.87,34.41,TRUE,TRUE,TRUE
1532,USCRN,-119.63,41.84,FALSE,TRUE,FALSE
1590,USCRN,-114.18,32.83,FALSE,TRUE,FALSE
1610,USCRN,-124.31,43.27,TRUE,TRUE,TRUE
1611,USCRN,-99.47,46.77,FALSE,TRUE,FALSE
1613,USCRN,-112.33,35.75,FALSE,TRUE,FALSE
1797,USCRN,-81.91,40.76,FALSE,TRUE,FALSE
